user_id,last_order,frequency,monetary,recency,R_score,F_score,M_score,segment,city,channel
ANON-0000-0000-0001,2024-06-06,17,646.14,290,1,4,4,重要唤回客户,公开数据未提供,card
ANON-0000-0000-0002,2024-03-01,2,77.4,387,1,3,4,一般价值客户,公开数据未提供,card
ANON-0000-0000-0003,2024-10-18,31,867.48,156,3,4,4,一般价值客户,公开数据未提供,card
ANON-0000-0000-0004,2024-10-04,12,371.3,170,3,4,4,一般价值客户,公开数据未提供,card
ANON-0000-0000-0005,2024-03-01,1,33.8,387,1,1,2,流失风险客户,公开数据未提供,card
ANON-0000-0000-0006,2024-03-01,1,38.7,387,1,1,3,一般价值客户,公开数据未提供,card
ANON-0000-0000-0007,2024-03-01,1,33.8,387,1,1,2,流失风险客户,公开数据未提供,card
ANON-0000-0000-0008,2024-03-01,2,72.5,387,1,3,4,一般价值客户,公开数据未提供,card
ANON-0000-0000-0009,2024-08-10,67,2343.98,225,2,4,4,重要唤回客户,公开数据未提供,card
ANON-0000-0000-0010,2024-03-02,1,28.9,386,1,1,1,流失风险客户,公开数据未提供,card
ANON-0000-0000-0011,2024-03-02,1,33.8,386,1,1,2,流失风险客户,公开数据未提供,card
ANON-0000-0000-0012,2025-01-20,129,3785.92,62,4,4,4,重要价值客户,公开数据未提供,card
ANON-0000-0000-0013,2024-03-02,1,28.9,386,1,1,1,流失风险客户,公开数据未提供,card
ANON-0000-0000-0014,2024-03-02,1,33.8,386,1,1,2,流失风险客户,公开数据未提供,card
ANON-0000-0000-0015,2024-03-03,1,38.7,385,1,1,3,一般价值客户,公开数据未提供,card
ANON-0000-0000-0016,2024-03-03,1,28.9,385,1,1,1,流失风险客户,公开数据未提供,card
ANON-0000-0000-0017,2024-04-14,6,232.20000000000002,343,1,4,4,重要唤回客户,公开数据未提供,card
ANON-0000-0000-0018,2024-03-03,1,38.7,385,1,1,3,一般价值客户,公开数据未提供,card
ANON-0000-0000-0019,2025-03-21,21,667.66,2,4,4,4,重要价值客户,公开数据未提供,card
ANON-0000-0000-0020,2024-03-03,3,106.3,385,1,4,4,重要唤回客户,公开数据未提供,card
ANON-0000-0000-0021,2024-03-04,1,38.7,384,1,1,3,一般价值客户,公开数据未提供,card
ANON-0000-0000-0022,2024-03-04,1,24.0,384,1,1,1,流失风险客户,公开数据未提供,card
ANON-0000-0000-0023,2024-03-05,1,38.7,383,1,1,3,一般价值客户,公开数据未提供,card
ANON-0000-0000-0024,2024-06-03,12,422.26,293,1,4,4,重要唤回客户,公开数据未提供,card
ANON-0000-0000-0025,2024-06-03,4,151.86,293,1,4,4,重要唤回客户,公开数据未提供,card
ANON-0000-0000-0026,2024-05-11,2,76.42,316,1,3,4,一般价值客户,公开数据未提供,card
ANON-0000-0000-0027,2024-03-05,1,38.7,383,1,1,3,一般价值客户,公开数据未提供,card
ANON-0000-0000-0028,2024-03-05,2,67.6,383,1,3,3,一般价值客户,公开数据未提供,card
ANON-0000-0000-0029,2024-03-06,2,77.4,382,1,3,4,一般价值客户,公开数据未提供,card
ANON-0000-0000-0030,2024-03-07,1,38.7,381,1,1,3,一般价值客户,公开数据未提供,card
ANON-0000-0000-0031,2024-03-07,1,38.7,381,1,1,3,一般价值客户,公开数据未提供,card
ANON-0000-0000-0032,2024-03-26,2,57.8,362,1,3,3,一般价值客户,公开数据未提供,card
ANON-0000-0000-0033,2024-05-17,5,148.42,310,1,4,4,重要唤回客户,公开数据未提供,card
ANON-0000-0000-0034,2024-03-08,1,38.7,380,1,1,3,一般价值客户,公开数据未提供,card
ANON-0000-0000-0035,2024-03-11,2,67.6,377,1,3,3,一般价值客户,公开数据未提供,card
ANON-0000-0000-0036,2024-03-08,1,38.7,380,1,1,3,一般价值客户,公开数据未提供,card
ANON-0000-0000-0037,2024-03-08,1,38.7,380,1,1,3,一般价值客户,公开数据未提供,card
ANON-0000-0000-0038,2024-03-09,1,24.0,379,1,1,1,流失风险客户,公开数据未提供,card
ANON-0000-0000-0039,2024-03-09,1,28.9,379,1,1,1,流失风险客户,公开数据未提供,card
ANON-0000-0000-0040,2024-12-19,50,1519.48,94,4,4,4,重要价值客户,公开数据未提供,card
ANON-0000-0000-0041,2024-03-09,1,38.7,379,1,1,3,一般价值客户,公开数据未提供,card
ANON-0000-0000-0042,2024-12-23,3,102.38,90,4,4,4,重要价值客户,公开数据未提供,card
ANON-0000-0000-0043,2024-03-09,2,67.6,379,1,3,3,一般价值客户,公开数据未提供,card
ANON-0000-0000-0044,2024-03-09,1,38.7,379,1,1,3,一般价值客户,公开数据未提供,card
ANON-0000-0000-0045,2024-03-10,1,24.0,378,1,1,1,流失风险客户,公开数据未提供,card
ANON-0000-0000-0046,2025-03-15,5,174.88,8,4,4,4,重要价值客户,公开数据未提供,card
ANON-0000-0000-0047,2024-03-11,2,67.6,377,1,3,3,一般价值客户,公开数据未提供,card
ANON-0000-0000-0048,2024-03-13,2,67.6,375,1,3,3,一般价值客户,公开数据未提供,card
ANON-0000-0000-0049,2024-04-09,4,145.0,348,1,4,4,重要唤回客户,公开数据未提供,card
ANON-0000-0000-0050,2025-01-13,8,235.12,69,4,4,4,重要价值客户,公开数据未提供,card
ANON-0000-0000-0051,2024-03-13,2,57.8,375,1,3,3,一般价值客户,公开数据未提供,card
ANON-0000-0000-0052,2024-03-13,1,33.8,375,1,1,2,流失风险客户,公开数据未提供,card
ANON-0000-0000-0053,2024-03-13,2,48.0,375,1,3,3,一般价值客户,公开数据未提供,card
ANON-0000-0000-0054,2024-10-18,2,59.76,156,3,3,3,一般价值客户,公开数据未提供,card
ANON-0000-0000-0055,2024-03-26,4,154.8,362,1,4,4,重要唤回客户,公开数据未提供,card
ANON-0000-0000-0056,2024-03-14,1,33.8,374,1,1,2,流失风险客户,公开数据未提供,card
ANON-0000-0000-0057,2024-03-14,1,24.0,374,1,1,1,流失风险客户,公开数据未提供,card
ANON-0000-0000-0058,2024-07-05,2,76.42,261,2,3,4,一般价值客户,公开数据未提供,card
ANON-0000-0000-0059,2024-07-27,12,337.0,239,2,4,4,重要唤回客户,公开数据未提供,card
ANON-0000-0000-0060,2024-03-15,1,38.7,373,1,1,3,一般价值客户,公开数据未提供,card
ANON-0000-0000-0061,2024-03-16,2,62.699999999999996,372,1,3,3,一般价值客户,公开数据未提供,card
ANON-0000-0000-0062,2024-03-16,1,33.8,372,1,1,2,流失风险客户,公开数据未提供,card
ANON-0000-0000-0063,2024-03-17,1,28.9,371,1,1,1,流失风险客户,公开数据未提供,card
ANON-0000-0000-0064,2024-04-16,3,86.69999999999999,341,1,4,4,重要唤回客户,公开数据未提供,card
ANON-0000-0000-0065,2024-03-19,2,77.4,369,1,3,4,一般价值客户,公开数据未提供,card
ANON-0000-0000-0066,2024-03-19,1,33.8,369,1,1,2,流失风险客户,公开数据未提供,card
ANON-0000-0000-0067,2024-03-20,1,38.7,368,1,1,3,一般价值客户,公开数据未提供,card
ANON-0000-0000-0068,2024-03-20,1,38.7,368,1,1,3,一般价值客户,公开数据未提供,card
ANON-0000-0000-0069,2024-05-16,5,191.54000000000002,311,1,4,4,重要唤回客户,公开数据未提供,card
ANON-0000-0000-0070,2024-03-22,1,33.8,366,1,1,2,流失风险客户,公开数据未提供,card
ANON-0000-0000-0071,2024-03-22,1,33.8,366,1,1,2,流失风险客户,公开数据未提供,card
ANON-0000-0000-0072,2024-03-23,1,38.7,365,1,1,3,一般价值客户,公开数据未提供,card
ANON-0000-0000-0073,2024-03-23,1,33.8,365,1,1,2,流失风险客户,公开数据未提供,card
ANON-0000-0000-0074,2024-03-23,2,77.4,365,1,3,4,一般价值客户,公开数据未提供,card
ANON-0000-0000-0075,2024-03-23,1,33.8,365,1,1,2,流失风险客户,公开数据未提供,card
ANON-0000-0000-0076,2024-03-23,2,72.5,365,1,3,4,一般价值客户,公开数据未提供,card
ANON-0000-0000-0077,2024-08-25,6,207.7,210,2,4,4,重要唤回客户,公开数据未提供,card
ANON-0000-0000-0078,2024-03-25,1,38.7,363,1,1,3,一般价值客户,公开数据未提供,card
ANON-0000-0000-0079,2024-03-25,1,38.7,363,1,1,3,一般价值客户,公开数据未提供,card
ANON-0000-0000-0080,2024-03-26,1,38.7,362,1,1,3,一般价值客户,公开数据未提供,card
ANON-0000-0000-0081,2024-05-24,2,76.42,303,1,3,4,一般价值客户,公开数据未提供,card
ANON-0000-0000-0082,2024-03-27,1,33.8,361,1,1,2,流失风险客户,公开数据未提供,card
ANON-0000-0000-0083,2024-03-27,1,38.7,361,1,1,3,一般价值客户,公开数据未提供,card
ANON-0000-0000-0084,2024-10-25,2,64.66,149,3,3,3,一般价值客户,公开数据未提供,card
ANON-0000-0000-0085,2024-04-18,2,67.6,339,1,3,3,一般价值客户,公开数据未提供,card
ANON-0000-0000-0086,2024-03-28,1,38.7,360,1,1,3,一般价值客户,公开数据未提供,card
ANON-0000-0000-0087,2024-03-29,1,38.7,359,1,1,3,一般价值客户,公开数据未提供,card
ANON-0000-0000-0088,2024-03-29,2,77.4,359,1,3,4,一般价值客户,公开数据未提供,card
ANON-0000-0000-0089,2024-03-31,1,38.7,357,1,1,3,一般价值客户,公开数据未提供,card
ANON-0000-0000-0090,2024-04-01,1,38.7,356,1,1,3,一般价值客户,公开数据未提供,card
ANON-0000-0000-0091,2024-04-09,3,116.10000000000001,348,1,4,4,重要唤回客户,公开数据未提供,card
ANON-0000-0000-0092,2024-04-04,1,38.7,353,1,1,3,一般价值客户,公开数据未提供,card
ANON-0000-0000-0093,2024-04-04,1,38.7,353,1,1,3,一般价值客户,公开数据未提供,card
ANON-0000-0000-0094,2024-04-04,1,28.9,353,1,1,1,流失风险客户,公开数据未提供,card
ANON-0000-0000-0095,2025-02-22,4,86.2,29,4,4,4,重要价值客户,公开数据未提供,card
ANON-0000-0000-0096,2024-04-05,1,28.9,352,1,1,1,流失风险客户,公开数据未提供,card
ANON-0000-0000-0097,2024-12-25,47,1477.8600000000001,88,4,4,4,重要价值客户,公开数据未提供,card
ANON-0000-0000-0098,2024-04-05,2,67.6,352,1,3,3,一般价值客户,公开数据未提供,card
ANON-0000-0000-0099,2024-09-22,5,135.68,182,2,4,4,重要唤回客户,公开数据未提供,card
ANON-0000-0000-0100,2024-04-07,2,52.9,350,1,3,3,一般价值客户,公开数据未提供,card
ANON-0000-0000-0101,2024-04-07,2,72.5,350,1,3,4,一般价值客户,公开数据未提供,card
ANON-0000-0000-0102,2024-04-08,1,33.8,349,1,1,2,流失风险客户,公开数据未提供,card
ANON-0000-0000-0103,2024-04-08,1,38.7,349,1,1,3,一般价值客户,公开数据未提供,card
ANON-0000-0000-0104,2024-04-08,1,38.7,349,1,1,3,一般价值客户,公开数据未提供,card
ANON-0000-0000-0105,2024-04-08,1,28.9,349,1,1,1,流失风险客户,公开数据未提供,card
ANON-0000-0000-0106,2024-04-11,2,77.4,346,1,3,4,一般价值客户,公开数据未提供,card
ANON-0000-0000-0107,2024-04-09,1,38.7,348,1,1,3,一般价值客户,公开数据未提供,card
ANON-0000-0000-0108,2024-04-10,1,24.0,347,1,1,1,流失风险客户,公开数据未提供,card
ANON-0000-0000-0109,2024-04-10,1,38.7,347,1,1,3,一般价值客户,公开数据未提供,card
ANON-0000-0000-0110,2024-04-11,2,57.8,346,1,3,3,一般价值客户,公开数据未提供,card
ANON-0000-0000-0111,2024-04-13,2,77.4,344,1,3,4,一般价值客户,公开数据未提供,card
ANON-0000-0000-0112,2024-04-13,1,38.7,344,1,1,3,一般价值客户,公开数据未提供,card
ANON-0000-0000-0113,2024-04-14,1,38.7,343,1,1,3,一般价值客户,公开数据未提供,card
ANON-0000-0000-0114,2024-04-14,1,28.9,343,1,1,1,流失风险客户,公开数据未提供,card
ANON-0000-0000-0115,2024-05-11,2,76.42,316,1,3,4,一般价值客户,公开数据未提供,card
ANON-0000-0000-0116,2024-04-16,1,33.8,341,1,1,2,流失风险客户,公开数据未提供,card
ANON-0000-0000-0117,2024-04-16,1,38.7,341,1,1,3,一般价值客户,公开数据未提供,card
ANON-0000-0000-0118,2024-05-09,6,186.14,318,1,4,4,重要唤回客户,公开数据未提供,card
ANON-0000-0000-0119,2024-04-17,1,24.0,340,1,1,1,流失风险客户,公开数据未提供,card
ANON-0000-0000-0120,2024-05-20,3,115.12,307,1,4,4,重要唤回客户,公开数据未提供,card
ANON-0000-0000-0121,2024-04-17,1,28.9,340,1,1,1,流失风险客户,公开数据未提供,card
ANON-0000-0000-0122,2024-04-18,2,62.699999999999996,339,1,3,3,一般价值客户,公开数据未提供,card
ANON-0000-0000-0123,2024-04-18,2,77.4,339,1,3,4,一般价值客户,公开数据未提供,card
ANON-0000-0000-0124,2024-04-19,2,77.4,338,1,3,4,一般价值客户,公开数据未提供,card
ANON-0000-0000-0125,2024-04-20,2,67.6,337,1,3,3,一般价值客户,公开数据未提供,card
ANON-0000-0000-0126,2024-04-20,1,32.82,337,1,1,1,流失风险客户,公开数据未提供,card
ANON-0000-0000-0127,2024-04-20,2,75.44,337,1,3,4,一般价值客户,公开数据未提供,card
ANON-0000-0000-0128,2024-04-20,1,37.72,337,1,1,3,一般价值客户,公开数据未提供,card
ANON-0000-0000-0129,2024-04-22,1,32.82,335,1,1,1,流失风险客户,公开数据未提供,card
ANON-0000-0000-0130,2024-04-23,2,65.64,334,1,3,3,一般价值客户,公开数据未提供,card
ANON-0000-0000-0131,2024-04-24,1,32.82,333,1,1,1,流失风险客户,公开数据未提供,card
ANON-0000-0000-0132,2024-04-24,1,32.82,333,1,1,1,流失风险客户,公开数据未提供,card
ANON-0000-0000-0133,2024-05-02,2,65.64,325,1,3,3,一般价值客户,公开数据未提供,card
ANON-0000-0000-0134,2024-08-12,13,470.76,223,2,4,4,重要唤回客户,公开数据未提供,card
ANON-0000-0000-0135,2024-04-25,1,27.92,332,1,1,1,流失风险客户,公开数据未提供,card
ANON-0000-0000-0136,2024-04-26,1,37.72,331,1,1,3,一般价值客户,公开数据未提供,card
ANON-0000-0000-0137,2024-10-25,2,73.47999999999999,149,3,3,4,一般价值客户,公开数据未提供,card
ANON-0000-0000-0138,2024-04-26,1,27.92,331,1,1,1,流失风险客户,公开数据未提供,card
ANON-0000-0000-0139,2024-04-26,1,27.92,331,1,1,1,流失风险客户,公开数据未提供,card
ANON-0000-0000-0140,2024-04-29,2,75.44,328,1,3,4,一般价值客户,公开数据未提供,card
ANON-0000-0000-0141,2025-02-01,108,2749.78,50,4,4,4,重要价值客户,公开数据未提供,card
ANON-0000-0000-0142,2024-04-30,8,272.36,327,1,4,4,重要唤回客户,公开数据未提供,card
ANON-0000-0000-0143,2024-07-04,5,149.4,262,2,4,4,重要唤回客户,公开数据未提供,card
ANON-0000-0000-0144,2024-05-02,1,37.72,325,1,1,3,一般价值客户,公开数据未提供,card
ANON-0000-0000-0145,2024-05-02,2,75.44,325,1,3,4,一般价值客户,公开数据未提供,card
ANON-0000-0000-0146,2024-05-03,1,37.72,324,1,1,3,一般价值客户,公开数据未提供,card
ANON-0000-0000-0147,2024-05-03,1,37.72,324,1,1,3,一般价值客户,公开数据未提供,card
ANON-0000-0000-0148,2024-05-07,5,159.2,320,1,4,4,重要唤回客户,公开数据未提供,card
ANON-0000-0000-0149,2024-05-06,2,70.53999999999999,321,1,3,3,一般价值客户,公开数据未提供,card
ANON-0000-0000-0150,2024-05-06,1,27.92,321,1,1,1,流失风险客户,公开数据未提供,card
ANON-0000-0000-0151,2024-05-06,2,75.44,321,1,3,4,一般价值客户,公开数据未提供,card
ANON-0000-0000-0152,2024-05-07,1,27.92,320,1,1,1,流失风险客户,公开数据未提供,card
ANON-0000-0000-0153,2024-07-31,7,259.14,235,2,4,4,重要唤回客户,公开数据未提供,card
ANON-0000-0000-0154,2024-12-25,10,368.38,88,4,4,4,重要价值客户,公开数据未提供,card
ANON-0000-0000-0155,2024-05-09,1,37.72,318,1,1,3,一般价值客户,公开数据未提供,card
ANON-0000-0000-0156,2024-05-09,4,141.07999999999998,318,1,4,4,重要唤回客户,公开数据未提供,card
ANON-0000-0000-0157,2024-05-09,1,27.92,318,1,1,1,流失风险客户,公开数据未提供,card
ANON-0000-0000-0158,2024-05-10,2,75.44,317,1,3,4,一般价值客户,公开数据未提供,card
ANON-0000-0000-0159,2024-10-28,2,73.47999999999999,146,3,3,4,一般价值客户,公开数据未提供,card
ANON-0000-0000-0160,2024-05-12,1,37.72,315,1,1,3,一般价值客户,公开数据未提供,card
ANON-0000-0000-0161,2024-05-12,1,27.92,315,1,1,1,流失风险客户,公开数据未提供,card
ANON-0000-0000-0162,2024-05-12,1,32.82,315,1,1,1,流失风险客户,公开数据未提供,card
ANON-0000-0000-0163,2024-05-12,1,32.82,315,1,1,1,流失风险客户,公开数据未提供,card
ANON-0000-0000-0164,2024-06-24,7,234.64,272,1,4,4,重要唤回客户,公开数据未提供,card
ANON-0000-0000-0165,2024-05-14,2,75.44,313,1,3,4,一般价值客户,公开数据未提供,card
ANON-0000-0000-0166,2024-05-14,2,70.53999999999999,313,1,3,3,一般价值客户,公开数据未提供,card
ANON-0000-0000-0167,2024-05-14,1,37.72,313,1,1,3,一般价值客户,公开数据未提供,card
ANON-0000-0000-0168,2024-09-03,2,70.53999999999999,201,2,3,3,一般价值客户,公开数据未提供,card
ANON-0000-0000-0169,2024-05-15,1,27.92,312,1,1,1,流失风险客户,公开数据未提供,card
ANON-0000-0000-0170,2024-05-15,1,23.02,312,1,1,1,流失风险客户,公开数据未提供,card
ANON-0000-0000-0171,2024-05-15,1,37.72,312,1,1,3,一般价值客户,公开数据未提供,card
ANON-0000-0000-0172,2024-11-23,6,208.68,120,3,4,4,一般价值客户,公开数据未提供,card
ANON-0000-0000-0173,2024-05-16,1,32.82,311,1,1,1,流失风险客户,公开数据未提供,card
ANON-0000-0000-0174,2024-05-16,1,37.72,311,1,1,3,一般价值客户,公开数据未提供,card
ANON-0000-0000-0175,2024-05-16,2,75.44,311,1,3,4,一般价值客户,公开数据未提供,card
ANON-0000-0000-0176,2024-05-17,1,37.72,310,1,1,3,一般价值客户,公开数据未提供,card
ANON-0000-0000-0177,2024-07-12,2,60.74,254,2,3,3,一般价值客户,公开数据未提供,card
ANON-0000-0000-0178,2024-07-12,2,70.53999999999999,254,2,3,3,一般价值客户,公开数据未提供,card
ANON-0000-0000-0179,2024-09-02,3,103.36,202,2,4,4,重要唤回客户,公开数据未提供,card
ANON-0000-0000-0180,2024-06-24,12,442.84,272,1,4,4,重要唤回客户,公开数据未提供,card
ANON-0000-0000-0181,2024-09-01,3,83.76,203,2,4,4,重要唤回客户,公开数据未提供,card
ANON-0000-0000-0182,2024-05-19,2,55.84,308,1,3,3,一般价值客户,公开数据未提供,card
ANON-0000-0000-0183,2024-05-19,1,37.72,308,1,1,3,一般价值客户,公开数据未提供,card
ANON-0000-0000-0184,2024-05-19,1,32.82,308,1,1,1,流失风险客户,公开数据未提供,card
ANON-0000-0000-0185,2024-05-19,1,32.82,308,1,1,1,流失风险客户,公开数据未提供,card
ANON-0000-0000-0186,2024-05-19,3,93.56,308,1,4,4,重要唤回客户,公开数据未提供,card
ANON-0000-0000-0187,2024-05-19,1,37.72,308,1,1,3,一般价值客户,公开数据未提供,card
ANON-0000-0000-0188,2024-05-19,1,37.72,308,1,1,3,一般价值客户,公开数据未提供,card
ANON-0000-0000-0189,2024-05-19,1,37.72,308,1,1,3,一般价值客户,公开数据未提供,card
ANON-0000-0000-0190,2024-05-20,1,32.82,307,1,1,2,流失风险客户,公开数据未提供,card
ANON-0000-0000-0191,2024-06-03,3,108.25999999999999,293,1,4,4,重要唤回客户,公开数据未提供,card
ANON-0000-0000-0192,2024-08-17,8,272.36,218,2,4,4,重要唤回客户,公开数据未提供,card
ANON-0000-0000-0193,2024-05-20,1,37.72,307,1,1,3,一般价值客户,公开数据未提供,card
ANON-0000-0000-0194,2024-07-09,5,169.0,257,2,4,4,重要唤回客户,公开数据未提供,card
ANON-0000-0000-0195,2024-12-31,5,156.26,82,4,4,4,重要价值客户,公开数据未提供,card
ANON-0000-0000-0196,2024-05-21,1,37.72,306,1,1,3,一般价值客户,公开数据未提供,card
ANON-0000-0000-0197,2025-01-28,3,106.3,54,4,4,4,重要价值客户,公开数据未提供,card
ANON-0000-0000-0198,2024-05-21,1,37.72,306,1,1,3,一般价值客户,公开数据未提供,card
ANON-0000-0000-0199,2024-05-21,1,37.72,306,1,1,3,一般价值客户,公开数据未提供,card
ANON-0000-0000-0200,2024-05-22,1,37.72,305,1,1,3,一般价值客户,公开数据未提供,card
ANON-0000-0000-0201,2024-05-23,1,37.72,304,1,1,3,一般价值客户,公开数据未提供,card
ANON-0000-0000-0202,2024-05-23,1,23.02,304,1,1,1,流失风险客户,公开数据未提供,card
ANON-0000-0000-0203,2024-06-25,5,188.6,271,1,4,4,重要唤回客户,公开数据未提供,card
ANON-0000-0000-0204,2024-05-23,1,27.92,304,1,1,1,流失风险客户,公开数据未提供,card
ANON-0000-0000-0205,2024-07-24,3,103.36,242,2,4,4,重要唤回客户,公开数据未提供,card
ANON-0000-0000-0206,2025-01-14,23,812.68,68,4,4,4,重要价值客户,公开数据未提供,card
ANON-0000-0000-0207,2024-05-23,2,75.44,304,1,3,4,一般价值客户,公开数据未提供,card
ANON-0000-0000-0208,2024-05-23,1,32.82,304,1,1,2,流失风险客户,公开数据未提供,card
ANON-0000-0000-0209,2024-05-24,2,55.84,303,1,3,3,一般价值客户,公开数据未提供,card
ANON-0000-0000-0210,2024-05-24,1,32.82,303,1,1,2,流失风险客户,公开数据未提供,card
ANON-0000-0000-0211,2024-05-25,1,37.72,302,1,1,3,一般价值客户,公开数据未提供,card
ANON-0000-0000-0212,2024-05-25,2,65.64,302,1,3,3,一般价值客户,公开数据未提供,card
ANON-0000-0000-0213,2024-05-25,1,32.82,302,1,1,2,流失风险客户,公开数据未提供,card
ANON-0000-0000-0214,2024-05-26,1,32.82,301,1,1,2,流失风险客户,公开数据未提供,card
ANON-0000-0000-0215,2024-05-26,1,27.92,301,1,1,1,流失风险客户,公开数据未提供,card
ANON-0000-0000-0216,2024-05-26,1,32.82,301,1,1,2,流失风险客户,公开数据未提供,card
ANON-0000-0000-0217,2024-05-26,1,37.72,301,1,1,3,一般价值客户,公开数据未提供,card
ANON-0000-0000-0218,2024-05-26,3,103.36,301,1,4,4,重要唤回客户,公开数据未提供,card
ANON-0000-0000-0219,2024-05-26,1,37.72,301,1,1,3,一般价值客户,公开数据未提供,card
ANON-0000-0000-0220,2024-06-05,4,141.07999999999998,291,1,4,4,重要唤回客户,公开数据未提供,card
ANON-0000-0000-0221,2024-05-26,2,65.64,301,1,3,3,一般价值客户,公开数据未提供,card
ANON-0000-0000-0222,2024-05-26,1,37.72,301,1,1,3,一般价值客户,公开数据未提供,card
ANON-0000-0000-0223,2024-05-26,1,37.72,301,1,1,3,一般价值客户,公开数据未提供,card
ANON-0000-0000-0224,2025-02-01,10,319.38,50,4,4,4,重要价值客户,公开数据未提供,card
ANON-0000-0000-0225,2024-11-03,12,331.12,140,3,4,4,一般价值客户,公开数据未提供,card
ANON-0000-0000-0226,2024-05-27,1,27.92,300,1,1,1,流失风险客户,公开数据未提供,card
ANON-0000-0000-0227,2024-05-27,1,37.72,300,1,1,3,一般价值客户,公开数据未提供,card
ANON-0000-0000-0228,2024-11-03,2,73.47999999999999,140,3,3,4,一般价值客户,公开数据未提供,card
ANON-0000-0000-0229,2024-05-28,1,37.72,299,1,1,3,一般价值客户,公开数据未提供,card
ANON-0000-0000-0230,2024-05-28,1,37.72,299,1,1,3,一般价值客户,公开数据未提供,card
ANON-0000-0000-0231,2024-05-28,2,65.64,299,1,3,3,一般价值客户,公开数据未提供,card
ANON-0000-0000-0232,2024-08-15,3,108.25999999999999,220,2,4,4,重要唤回客户,公开数据未提供,card
ANON-0000-0000-0233,2024-05-29,1,37.72,298,1,1,3,一般价值客户,公开数据未提供,card
ANON-0000-0000-0234,2024-05-29,1,27.92,298,1,1,1,流失风险客户,公开数据未提供,card
ANON-0000-0000-0235,2024-05-29,1,37.72,298,1,1,3,一般价值客户,公开数据未提供,card
ANON-0000-0000-0236,2024-05-29,1,37.72,298,1,1,3,一般价值客户,公开数据未提供,card
ANON-0000-0000-0237,2024-05-29,1,37.72,298,1,1,3,一般价值客户,公开数据未提供,card
ANON-0000-0000-0238,2024-05-29,2,65.64,298,1,3,3,一般价值客户,公开数据未提供,card
ANON-0000-0000-0239,2024-05-29,1,37.72,298,1,1,3,一般价值客户,公开数据未提供,card
ANON-0000-0000-0240,2024-05-29,1,37.72,298,1,1,3,一般价值客户,公开数据未提供,card
ANON-0000-0000-0241,2024-05-30,2,75.44,297,1,3,4,一般价值客户,公开数据未提供,card
ANON-0000-0000-0242,2024-10-28,4,122.46000000000001,146,3,4,4,一般价值客户,公开数据未提供,card
ANON-0000-0000-0243,2024-05-30,1,23.02,297,1,1,1,流失风险客户,公开数据未提供,card
ANON-0000-0000-0244,2024-05-30,1,37.72,297,1,1,3,一般价值客户,公开数据未提供,card
ANON-0000-0000-0245,2024-05-31,1,32.82,296,1,1,2,流失风险客户,公开数据未提供,card
ANON-0000-0000-0246,2024-05-31,1,37.72,296,1,1,3,一般价值客户,公开数据未提供,card
ANON-0000-0000-0247,2024-05-31,1,37.72,296,1,1,3,一般价值客户,公开数据未提供,card
ANON-0000-0000-0248,2024-05-31,1,37.72,296,1,1,3,一般价值客户,公开数据未提供,card
ANON-0000-0000-0249,2024-05-31,1,32.82,296,1,1,2,流失风险客户,公开数据未提供,card
ANON-0000-0000-0250,2024-07-30,4,145.98,236,2,4,4,重要唤回客户,公开数据未提供,card
ANON-0000-0000-0251,2024-06-01,2,65.64,295,1,3,3,一般价值客户,公开数据未提供,card
ANON-0000-0000-0252,2024-06-01,1,37.72,295,1,1,3,一般价值客户,公开数据未提供,card
ANON-0000-0000-0253,2024-06-02,1,37.72,294,1,1,3,一般价值客户,公开数据未提供,card
ANON-0000-0000-0254,2024-06-04,2,75.44,292,1,3,4,一般价值客户,公开数据未提供,card
ANON-0000-0000-0255,2024-10-02,2,73.47999999999999,172,3,3,4,一般价值客户,公开数据未提供,card
ANON-0000-0000-0256,2024-06-12,2,75.44,284,1,3,4,一般价值客户,公开数据未提供,card
ANON-0000-0000-0257,2024-10-28,5,179.78,146,3,4,4,一般价值客户,公开数据未提供,card
ANON-0000-0000-0258,2024-10-17,5,160.18,157,3,4,4,一般价值客户,公开数据未提供,card
ANON-0000-0000-0259,2024-06-04,1,32.82,292,1,1,2,流失风险客户,公开数据未提供,card
ANON-0000-0000-0260,2024-06-04,3,98.46000000000001,292,1,4,4,重要唤回客户,公开数据未提供,card
ANON-0000-0000-0261,2025-03-19,3,101.4,4,4,4,4,重要价值客户,公开数据未提供,card
ANON-0000-0000-0262,2024-06-05,1,27.92,291,1,1,1,流失风险客户,公开数据未提供,card
ANON-0000-0000-0263,2024-06-05,1,32.82,291,1,1,2,流失风险客户,公开数据未提供,card
ANON-0000-0000-0264,2024-06-05,1,37.72,291,1,1,3,一般价值客户,公开数据未提供,card
ANON-0000-0000-0265,2025-02-02,2,58.78,49,4,3,3,一般价值客户,公开数据未提供,card
ANON-0000-0000-0266,2024-06-06,1,37.72,290,1,1,3,一般价值客户,公开数据未提供,card
ANON-0000-0000-0267,2024-06-06,3,113.16,290,1,4,4,重要唤回客户,公开数据未提供,card
ANON-0000-0000-0268,2024-09-09,4,136.18,195,2,4,4,重要唤回客户,公开数据未提供,card
ANON-0000-0000-0269,2024-06-07,1,23.02,289,1,1,1,流失风险客户,公开数据未提供,card
ANON-0000-0000-0270,2024-07-03,4,126.38,263,2,4,4,重要唤回客户,公开数据未提供,card
ANON-0000-0000-0271,2024-06-08,1,27.92,288,1,1,1,流失风险客户,公开数据未提供,card
ANON-0000-0000-0272,2024-06-09,1,37.72,287,1,1,3,一般价值客户,公开数据未提供,card
ANON-0000-0000-0273,2024-06-09,1,37.72,287,1,1,3,一般价值客户,公开数据未提供,card
ANON-0000-0000-0274,2024-10-21,4,90.12,153,3,4,4,一般价值客户,公开数据未提供,card
ANON-0000-0000-0275,2024-06-09,1,37.72,287,1,1,3,一般价值客户,公开数据未提供,card
ANON-0000-0000-0276,2025-01-30,69,2119.54,52,4,4,4,重要价值客户,公开数据未提供,card
ANON-0000-0000-0277,2024-08-17,2,50.94,218,2,3,3,一般价值客户,公开数据未提供,card
ANON-0000-0000-0278,2024-06-09,1,37.72,287,1,1,3,一般价值客户,公开数据未提供,card
ANON-0000-0000-0279,2024-06-09,1,32.82,287,1,1,2,流失风险客户,公开数据未提供,card
ANON-0000-0000-0280,2024-06-09,1,27.92,287,1,1,1,流失风险客户,公开数据未提供,card
ANON-0000-0000-0281,2024-06-10,1,37.72,286,1,1,3,一般价值客户,公开数据未提供,card
ANON-0000-0000-0282,2024-06-10,2,75.44,286,1,3,4,一般价值客户,公开数据未提供,card
ANON-0000-0000-0283,2024-09-07,7,244.44,197,2,4,4,重要唤回客户,公开数据未提供,card
ANON-0000-0000-0284,2024-06-11,1,32.82,285,1,1,2,流失风险客户,公开数据未提供,card
ANON-0000-0000-0285,2024-06-11,2,75.44,285,1,3,4,一般价值客户,公开数据未提供,card
ANON-0000-0000-0286,2024-06-11,1,37.72,285,1,1,3,一般价值客户,公开数据未提供,card
ANON-0000-0000-0287,2024-11-15,7,211.12,128,3,4,4,一般价值客户,公开数据未提供,card
ANON-0000-0000-0288,2024-06-12,1,37.72,284,1,1,3,一般价值客户,公开数据未提供,card
ANON-0000-0000-0289,2024-06-12,1,37.72,284,1,1,3,一般价值客户,公开数据未提供,card
ANON-0000-0000-0290,2024-06-12,1,37.72,284,1,1,3,一般价值客户,公开数据未提供,card
ANON-0000-0000-0291,2024-06-12,1,32.82,284,1,1,2,流失风险客户,公开数据未提供,card
ANON-0000-0000-0292,2024-06-13,1,27.92,283,1,1,1,流失风险客户,公开数据未提供,card
ANON-0000-0000-0293,2024-06-13,1,32.82,283,1,1,2,流失风险客户,公开数据未提供,card
ANON-0000-0000-0294,2024-06-13,1,32.82,283,1,1,2,流失风险客户,公开数据未提供,card
ANON-0000-0000-0295,2024-06-13,2,60.739999999999995,283,1,3,3,一般价值客户,公开数据未提供,card
ANON-0000-0000-0296,2024-06-13,1,37.72,283,1,1,3,一般价值客户,公开数据未提供,card
ANON-0000-0000-0297,2024-06-14,1,27.92,282,1,1,1,流失风险客户,公开数据未提供,card
ANON-0000-0000-0298,2024-06-14,1,32.82,282,1,1,2,流失风险客户,公开数据未提供,card
ANON-0000-0000-0299,2024-06-18,3,103.36,278,1,4,4,重要唤回客户,公开数据未提供,card
ANON-0000-0000-0300,2024-06-15,5,164.1,281,1,4,4,重要唤回客户,公开数据未提供,card
ANON-0000-0000-0301,2024-06-15,1,32.82,281,1,1,2,流失风险客户,公开数据未提供,card
ANON-0000-0000-0302,2024-11-16,2,53.88,127,3,3,3,一般价值客户,公开数据未提供,card
ANON-0000-0000-0303,2024-07-07,4,145.98,259,2,4,4,重要唤回客户,公开数据未提供,card
ANON-0000-0000-0304,2025-02-01,10,295.86,50,4,4,4,重要价值客户,公开数据未提供,card
ANON-0000-0000-0305,2024-06-16,1,37.72,280,1,1,3,一般价值客户,公开数据未提供,card
ANON-0000-0000-0306,2024-06-16,1,37.72,280,1,1,3,一般价值客户,公开数据未提供,card
ANON-0000-0000-0307,2024-06-17,1,27.92,279,1,1,1,流失风险客户,公开数据未提供,card
ANON-0000-0000-0308,2024-06-17,2,55.84,279,1,3,3,一般价值客户,公开数据未提供,card
ANON-0000-0000-0309,2024-06-17,1,27.92,279,1,1,1,流失风险客户,公开数据未提供,card
ANON-0000-0000-0310,2024-06-18,1,27.92,278,1,1,1,流失风险客户,公开数据未提供,card
ANON-0000-0000-0311,2024-08-09,6,196.92000000000002,226,2,4,4,重要唤回客户,公开数据未提供,card
ANON-0000-0000-0312,2024-06-19,1,27.92,277,1,1,1,流失风险客户,公开数据未提供,card
ANON-0000-0000-0313,2024-10-17,3,111.19999999999999,157,3,4,4,一般价值客户,公开数据未提供,card
ANON-0000-0000-0314,2024-06-20,2,75.44,276,1,3,4,一般价值客户,公开数据未提供,card
ANON-0000-0000-0315,2024-06-21,1,27.92,275,1,1,1,流失风险客户,公开数据未提供,card
ANON-0000-0000-0316,2024-06-21,1,23.02,275,1,1,1,流失风险客户,公开数据未提供,card
ANON-0000-0000-0317,2024-06-22,1,32.82,274,1,1,2,流失风险客户,公开数据未提供,card
ANON-0000-0000-0318,2024-06-22,1,37.72,274,1,1,3,一般价值客户,公开数据未提供,card
ANON-0000-0000-0319,2024-09-12,2,60.739999999999995,192,2,3,3,一般价值客户,公开数据未提供,card
ANON-0000-0000-0320,2024-06-23,2,75.44,273,1,3,4,一般价值客户,公开数据未提供,card
ANON-0000-0000-0321,2024-06-24,1,37.72,272,1,1,3,一般价值客户,公开数据未提供,card
ANON-0000-0000-0322,2024-08-03,2,65.64,232,2,3,3,一般价值客户,公开数据未提供,card
ANON-0000-0000-0323,2024-06-26,1,37.72,270,2,1,3,一般价值客户,公开数据未提供,card
ANON-0000-0000-0324,2024-06-26,1,23.02,270,2,1,1,流失风险客户,公开数据未提供,card
ANON-0000-0000-0325,2024-06-26,1,27.92,270,2,1,1,流失风险客户,公开数据未提供,card
ANON-0000-0000-0326,2024-06-27,1,32.82,269,2,1,2,流失风险客户,公开数据未提供,card
ANON-0000-0000-0327,2024-06-27,1,27.92,269,2,1,1,流失风险客户,公开数据未提供,card
ANON-0000-0000-0328,2024-08-07,5,154.3,228,2,4,4,重要唤回客户,公开数据未提供,card
ANON-0000-0000-0329,2025-01-09,4,137.16,73,4,4,4,重要价值客户,公开数据未提供,card
ANON-0000-0000-0330,2024-06-28,1,32.82,268,2,1,2,流失风险客户,公开数据未提供,card
ANON-0000-0000-0331,2024-06-28,1,37.72,268,2,1,3,一般价值客户,公开数据未提供,card
ANON-0000-0000-0332,2024-06-28,1,37.72,268,2,1,3,一般价值客户,公开数据未提供,card
ANON-0000-0000-0333,2025-01-31,22,677.94,51,4,4,4,重要价值客户,公开数据未提供,card
ANON-0000-0000-0334,2024-10-26,3,111.19999999999999,148,3,4,4,一般价值客户,公开数据未提供,card
ANON-0000-0000-0335,2024-06-29,2,75.44,267,2,3,4,一般价值客户,公开数据未提供,card
ANON-0000-0000-0336,2024-06-30,1,37.72,266,2,1,3,一般价值客户,公开数据未提供,card
ANON-0000-0000-0337,2024-06-30,1,23.02,266,2,1,1,流失风险客户,公开数据未提供,card
ANON-0000-0000-0338,2024-07-01,1,37.72,265,2,1,3,一般价值客户,公开数据未提供,card
ANON-0000-0000-0339,2024-07-26,3,103.36,240,2,4,4,重要唤回客户,公开数据未提供,card
ANON-0000-0000-0340,2024-07-02,1,27.92,264,2,1,1,流失风险客户,公开数据未提供,card
ANON-0000-0000-0341,2024-07-02,1,32.82,264,2,1,2,流失风险客户,公开数据未提供,card
ANON-0000-0000-0342,2024-07-03,1,37.72,263,2,1,3,一般价值客户,公开数据未提供,card
ANON-0000-0000-0343,2024-07-03,1,37.72,263,2,1,3,一般价值客户,公开数据未提供,card
ANON-0000-0000-0344,2024-07-03,1,32.82,263,2,1,2,流失风险客户,公开数据未提供,card
ANON-0000-0000-0345,2024-07-03,1,23.02,263,2,1,1,流失风险客户,公开数据未提供,card
ANON-0000-0000-0346,2024-07-03,1,37.72,263,2,1,3,一般价值客户,公开数据未提供,card
ANON-0000-0000-0347,2024-10-27,8,206.70000000000002,147,3,4,4,一般价值客户,公开数据未提供,card
ANON-0000-0000-0348,2025-01-09,2,44.08,73,4,3,3,一般价值客户,公开数据未提供,card
ANON-0000-0000-0349,2024-07-05,1,23.02,261,2,1,1,流失风险客户,公开数据未提供,card
ANON-0000-0000-0350,2024-07-05,2,55.84,261,2,3,3,一般价值客户,公开数据未提供,card
ANON-0000-0000-0351,2024-07-05,2,70.53999999999999,261,2,3,3,一般价值客户,公开数据未提供,card
ANON-0000-0000-0352,2024-07-06,1,37.72,260,2,1,3,一般价值客户,公开数据未提供,card
ANON-0000-0000-0353,2024-07-07,2,55.84,259,2,3,3,一般价值客户,公开数据未提供,card
ANON-0000-0000-0354,2024-07-07,2,65.64,259,2,3,3,一般价值客户,公开数据未提供,card
ANON-0000-0000-0355,2024-10-19,3,101.4,155,3,4,4,一般价值客户,公开数据未提供,card
ANON-0000-0000-0356,2024-07-07,1,32.82,259,2,1,2,流失风险客户,公开数据未提供,card
ANON-0000-0000-0357,2024-07-07,1,32.82,259,2,1,2,流失风险客户,公开数据未提供,card
ANON-0000-0000-0358,2024-07-07,1,32.82,259,2,1,2,流失风险客户,公开数据未提供,card
ANON-0000-0000-0359,2024-07-07,1,27.92,259,2,1,1,流失风险客户,公开数据未提供,card
ANON-0000-0000-0360,2024-07-08,1,32.82,258,2,1,2,流失风险客户,公开数据未提供,card
ANON-0000-0000-0361,2024-07-08,1,23.02,258,2,1,1,流失风险客户,公开数据未提供,card
ANON-0000-0000-0362,2024-07-08,1,23.02,258,2,1,1,流失风险客户,公开数据未提供,card
ANON-0000-0000-0363,2024-07-08,1,27.92,258,2,1,1,流失风险客户,公开数据未提供,card
ANON-0000-0000-0364,2024-07-09,1,27.92,257,2,1,1,流失风险客户,公开数据未提供,card
ANON-0000-0000-0365,2024-07-13,3,88.66,253,2,4,4,重要唤回客户,公开数据未提供,card
ANON-0000-0000-0366,2024-07-10,1,27.92,256,2,1,1,流失风险客户,公开数据未提供,card
ANON-0000-0000-0367,2024-08-12,4,131.28,223,2,4,4,重要唤回客户,公开数据未提供,card
ANON-0000-0000-0368,2024-07-11,1,27.92,255,2,1,1,流失风险客户,公开数据未提供,card
ANON-0000-0000-0369,2024-07-11,1,32.82,255,2,1,2,流失风险客户,公开数据未提供,card
ANON-0000-0000-0370,2024-07-11,1,23.02,255,2,1,1,流失风险客户,公开数据未提供,card
ANON-0000-0000-0371,2024-08-31,2,46.04,204,2,3,3,一般价值客户,公开数据未提供,card
ANON-0000-0000-0372,2024-07-12,1,32.82,254,2,1,2,流失风险客户,公开数据未提供,card
ANON-0000-0000-0373,2024-07-14,3,83.76,252,2,4,4,重要唤回客户,公开数据未提供,card
ANON-0000-0000-0374,2024-07-14,1,32.82,252,2,1,2,流失风险客户,公开数据未提供,card
ANON-0000-0000-0375,2024-11-08,20,542.72,135,3,4,4,一般价值客户,公开数据未提供,card
ANON-0000-0000-0376,2024-07-14,1,32.82,252,2,1,2,流失风险客户,公开数据未提供,card
ANON-0000-0000-0377,2024-07-15,1,32.82,251,2,1,2,流失风险客户,公开数据未提供,card
ANON-0000-0000-0378,2024-07-16,1,27.92,250,2,1,1,流失风险客户,公开数据未提供,card
ANON-0000-0000-0379,2024-07-26,3,88.66,240,2,4,4,重要唤回客户,公开数据未提供,card
ANON-0000-0000-0380,2024-07-18,1,27.92,248,2,1,1,流失风险客户,公开数据未提供,card
ANON-0000-0000-0381,2024-07-18,1,18.12,248,2,1,1,流失风险客户,公开数据未提供,card
ANON-0000-0000-0382,2024-07-18,1,32.82,248,2,1,2,流失风险客户,公开数据未提供,card
ANON-0000-0000-0383,2024-07-18,2,65.64,248,2,3,3,一般价值客户,公开数据未提供,card
ANON-0000-0000-0384,2024-07-31,7,229.74,235,2,4,4,重要唤回客户,公开数据未提供,card
ANON-0000-0000-0385,2025-01-10,17,503.06,72,4,4,4,重要价值客户,公开数据未提供,card
ANON-0000-0000-0386,2024-07-19,2,60.74,247,2,3,3,一般价值客户,公开数据未提供,card
ANON-0000-0000-0387,2024-07-20,3,78.86,246,2,4,4,重要唤回客户,公开数据未提供,card
ANON-0000-0000-0388,2024-07-31,3,78.86,235,2,4,4,重要唤回客户,公开数据未提供,card
ANON-0000-0000-0389,2024-07-20,1,32.82,246,2,1,2,流失风险客户,公开数据未提供,card
ANON-0000-0000-0390,2024-07-20,1,23.02,246,2,1,1,流失风险客户,公开数据未提供,card
ANON-0000-0000-0391,2024-07-20,1,32.82,246,2,1,2,流失风险客户,公开数据未提供,card
ANON-0000-0000-0392,2024-07-21,1,32.82,245,2,1,2,流失风险客户,公开数据未提供,card
ANON-0000-0000-0393,2024-07-21,1,23.02,245,2,1,1,流失风险客户,公开数据未提供,card
ANON-0000-0000-0394,2024-07-21,1,32.82,245,2,1,2,流失风险客户,公开数据未提供,card
ANON-0000-0000-0395,2024-07-23,2,46.04,243,2,3,3,一般价值客户,公开数据未提供,card
ANON-0000-0000-0396,2024-07-22,1,32.82,244,2,1,2,流失风险客户,公开数据未提供,card
ANON-0000-0000-0397,2024-07-23,1,27.92,243,2,1,1,流失风险客户,公开数据未提供,card
ANON-0000-0000-0398,2024-07-23,1,32.82,243,2,1,2,流失风险客户,公开数据未提供,card
ANON-0000-0000-0399,2024-07-25,3,98.46000000000001,241,2,4,4,重要唤回客户,公开数据未提供,card
ANON-0000-0000-0400,2024-07-23,1,27.92,243,2,1,1,流失风险客户,公开数据未提供,card
ANON-0000-0000-0401,2024-08-03,4,116.58000000000001,232,2,4,4,重要唤回客户,公开数据未提供,card
ANON-0000-0000-0402,2024-10-25,5,112.16,149,3,4,4,一般价值客户,公开数据未提供,card
ANON-0000-0000-0403,2024-07-25,1,32.82,241,2,1,2,流失风险客户,公开数据未提供,card
ANON-0000-0000-0404,2024-07-25,2,41.14,241,2,3,3,一般价值客户,公开数据未提供,card
ANON-0000-0000-0405,2024-07-25,1,32.82,241,2,1,2,流失风险客户,公开数据未提供,card
ANON-0000-0000-0406,2025-01-16,2,68.58,66,4,3,3,一般价值客户,公开数据未提供,card
ANON-0000-0000-0407,2024-07-26,2,46.04,240,2,3,3,一般价值客户,公开数据未提供,card
ANON-0000-0000-0408,2024-09-27,10,269.4,177,2,4,4,重要唤回客户,公开数据未提供,card
ANON-0000-0000-0409,2024-12-07,2,68.58,106,3,3,3,一般价值客户,公开数据未提供,card
ANON-0000-0000-0410,2024-07-26,1,23.02,240,2,1,1,流失风险客户,公开数据未提供,card
ANON-0000-0000-0411,2024-07-26,1,32.82,240,2,1,2,流失风险客户,公开数据未提供,card
ANON-0000-0000-0412,2024-07-26,1,27.92,240,2,1,1,流失风险客户,公开数据未提供,card
ANON-0000-0000-0413,2024-07-27,1,27.92,239,2,1,1,流失风险客户,公开数据未提供,card
ANON-0000-0000-0414,2024-08-11,2,65.64,224,2,3,3,一般价值客户,公开数据未提供,card
ANON-0000-0000-0415,2024-07-27,1,32.82,239,2,1,2,流失风险客户,公开数据未提供,card
ANON-0000-0000-0416,2024-07-27,2,55.84,239,2,3,3,一般价值客户,公开数据未提供,card
ANON-0000-0000-0417,2024-07-27,1,32.82,239,2,1,2,流失风险客户,公开数据未提供,card
ANON-0000-0000-0418,2024-07-29,1,32.82,237,2,1,2,流失风险客户,公开数据未提供,card
ANON-0000-0000-0419,2025-01-16,5,145.48000000000002,66,4,4,4,重要价值客户,公开数据未提供,card
ANON-0000-0000-0420,2024-08-08,2,60.74,227,2,3,3,一般价值客户,公开数据未提供,card
ANON-0000-0000-0421,2024-07-29,2,65.64,237,2,3,3,一般价值客户,公开数据未提供,card
ANON-0000-0000-0422,2024-07-29,1,32.82,237,2,1,2,流失风险客户,公开数据未提供,card
ANON-0000-0000-0423,2024-08-01,4,111.68,234,2,4,4,重要唤回客户,公开数据未提供,card
ANON-0000-0000-0424,2024-10-09,2,53.879999999999995,165,3,3,3,一般价值客户,公开数据未提供,card
ANON-0000-0000-0425,2024-09-13,5,164.1,191,2,4,4,重要唤回客户,公开数据未提供,card
ANON-0000-0000-0426,2024-07-30,2,41.14,236,2,3,3,一般价值客户,公开数据未提供,card
ANON-0000-0000-0427,2025-02-01,2,58.78,50,4,3,3,一般价值客户,公开数据未提供,card
ANON-0000-0000-0428,2024-07-30,1,27.92,236,2,1,1,流失风险客户,公开数据未提供,card
ANON-0000-0000-0429,2024-08-16,2,55.84,219,2,3,3,一般价值客户,公开数据未提供,card
ANON-0000-0000-0430,2024-07-30,1,27.92,236,2,1,1,流失风险客户,公开数据未提供,card
ANON-0000-0000-0431,2024-07-30,1,32.82,236,2,1,2,流失风险客户,公开数据未提供,card
ANON-0000-0000-0432,2024-07-30,1,27.92,236,2,1,1,流失风险客户,公开数据未提供,card
ANON-0000-0000-0433,2024-07-30,2,50.94,236,2,3,3,一般价值客户,公开数据未提供,card
ANON-0000-0000-0434,2024-07-30,1,18.12,236,2,1,1,流失风险客户,公开数据未提供,card
ANON-0000-0000-0435,2024-07-30,1,32.82,236,2,1,2,流失风险客户,公开数据未提供,card
ANON-0000-0000-0436,2024-07-30,2,55.84,236,2,3,3,一般价值客户,公开数据未提供,card
ANON-0000-0000-0437,2024-07-31,2,55.84,235,2,3,3,一般价值客户,公开数据未提供,card
ANON-0000-0000-0438,2024-07-31,1,27.92,235,2,1,1,流失风险客户,公开数据未提供,card
ANON-0000-0000-0439,2024-07-31,1,23.02,235,2,1,1,流失风险客户,公开数据未提供,card
ANON-0000-0000-0440,2024-10-14,7,221.9,160,3,4,4,一般价值客户,公开数据未提供,card
ANON-0000-0000-0441,2024-07-31,1,23.02,235,2,1,1,流失风险客户,公开数据未提供,card
ANON-0000-0000-0442,2024-08-10,3,98.46000000000001,225,2,4,4,重要唤回客户,公开数据未提供,card
ANON-0000-0000-0443,2024-07-31,3,78.86,235,2,4,4,重要唤回客户,公开数据未提供,card
ANON-0000-0000-0444,2024-07-31,1,32.82,235,2,1,2,流失风险客户,公开数据未提供,card
ANON-0000-0000-0445,2024-09-28,2,68.58,176,2,3,3,一般价值客户,公开数据未提供,card
ANON-0000-0000-0446,2024-07-31,1,32.82,235,2,1,2,流失风险客户,公开数据未提供,card
ANON-0000-0000-0447,2024-08-01,1,27.92,234,2,1,1,流失风险客户,公开数据未提供,card
ANON-0000-0000-0448,2024-08-01,2,55.84,234,2,3,3,一般价值客户,公开数据未提供,card
ANON-0000-0000-0449,2024-08-01,1,32.82,234,2,1,2,流失风险客户,公开数据未提供,card
ANON-0000-0000-0450,2024-08-14,3,73.96000000000001,221,2,4,4,重要唤回客户,公开数据未提供,card
ANON-0000-0000-0451,2024-08-01,1,23.02,234,2,1,1,流失风险客户,公开数据未提供,card
ANON-0000-0000-0452,2024-08-01,1,32.82,234,2,1,2,流失风险客户,公开数据未提供,card
ANON-0000-0000-0453,2024-08-07,2,55.84,228,2,3,3,一般价值客户,公开数据未提供,card
ANON-0000-0000-0454,2024-08-02,1,27.92,233,2,1,1,流失风险客户,公开数据未提供,card
ANON-0000-0000-0455,2024-11-05,8,240.01999999999998,138,3,4,4,一般价值客户,公开数据未提供,card
ANON-0000-0000-0456,2024-08-17,2,65.64,218,2,3,3,一般价值客户,公开数据未提供,card
ANON-0000-0000-0457,2024-08-03,2,65.64,232,2,3,3,一般价值客户,公开数据未提供,card
ANON-0000-0000-0458,2024-08-04,1,32.82,231,2,1,2,流失风险客户,公开数据未提供,card
ANON-0000-0000-0459,2024-08-05,1,23.02,230,2,1,1,流失风险客户,公开数据未提供,card
ANON-0000-0000-0460,2024-08-05,1,32.82,230,2,1,2,流失风险客户,公开数据未提供,card
ANON-0000-0000-0461,2024-08-05,2,65.64,230,2,3,3,一般价值客户,公开数据未提供,card
ANON-0000-0000-0462,2024-08-05,2,60.74,230,2,3,3,一般价值客户,公开数据未提供,card
ANON-0000-0000-0463,2025-01-22,5,157.24,60,4,4,4,重要价值客户,公开数据未提供,card
ANON-0000-0000-0464,2024-08-05,1,27.92,230,2,1,1,流失风险客户,公开数据未提供,card
ANON-0000-0000-0465,2024-08-06,1,32.82,229,2,1,2,流失风险客户,公开数据未提供,card
ANON-0000-0000-0466,2024-08-06,3,98.46000000000001,229,2,4,4,重要唤回客户,公开数据未提供,card
ANON-0000-0000-0467,2024-09-29,5,132.74,175,2,4,4,重要唤回客户,公开数据未提供,card
ANON-0000-0000-0468,2024-08-06,1,32.82,229,2,1,2,流失风险客户,公开数据未提供,card
ANON-0000-0000-0469,2024-08-07,1,18.12,228,2,1,1,流失风险客户,公开数据未提供,card
ANON-0000-0000-0470,2024-08-07,1,23.02,228,2,1,1,流失风险客户,公开数据未提供,card
ANON-0000-0000-0471,2024-08-07,1,32.82,228,2,1,2,流失风险客户,公开数据未提供,card
ANON-0000-0000-0472,2024-09-26,3,93.56,178,2,4,4,重要唤回客户,公开数据未提供,card
ANON-0000-0000-0473,2024-08-08,1,32.82,227,2,1,2,流失风险客户,公开数据未提供,card
ANON-0000-0000-0474,2024-08-08,1,32.82,227,2,1,2,流失风险客户,公开数据未提供,card
ANON-0000-0000-0475,2024-10-08,7,227.78,166,3,4,4,一般价值客户,公开数据未提供,card
ANON-0000-0000-0476,2024-08-09,1,23.02,226,2,1,1,流失风险客户,公开数据未提供,card
ANON-0000-0000-0477,2024-08-09,1,23.02,226,2,1,1,流失风险客户,公开数据未提供,card
ANON-0000-0000-0478,2024-08-09,1,23.02,226,2,1,1,流失风险客户,公开数据未提供,card
ANON-0000-0000-0479,2024-08-09,1,32.82,226,2,1,2,流失风险客户,公开数据未提供,card
ANON-0000-0000-0480,2024-08-11,4,121.48,224,2,4,4,重要唤回客户,公开数据未提供,card
ANON-0000-0000-0481,2024-08-10,1,32.82,225,2,1,2,流失风险客户,公开数据未提供,card
ANON-0000-0000-0482,2024-08-10,2,65.64,225,2,3,3,一般价值客户,公开数据未提供,card
ANON-0000-0000-0483,2024-08-11,1,32.82,224,2,1,2,流失风险客户,公开数据未提供,card
ANON-0000-0000-0484,2024-08-11,2,60.74,224,2,3,3,一般价值客户,公开数据未提供,card
ANON-0000-0000-0485,2024-08-11,1,18.12,224,2,1,1,流失风险客户,公开数据未提供,card
ANON-0000-0000-0486,2024-09-08,2,46.04,196,2,3,3,一般价值客户,公开数据未提供,card
ANON-0000-0000-0487,2024-08-11,1,32.82,224,2,1,2,流失风险客户,公开数据未提供,card
ANON-0000-0000-0488,2024-08-11,1,32.82,224,2,1,2,流失风险客户,公开数据未提供,card
ANON-0000-0000-0489,2024-08-12,1,27.92,223,2,1,1,流失风险客户,公开数据未提供,card
ANON-0000-0000-0490,2024-08-12,2,55.84,223,2,3,3,一般价值客户,公开数据未提供,card
ANON-0000-0000-0491,2024-08-19,2,65.64,216,2,3,3,一般价值客户,公开数据未提供,card
ANON-0000-0000-0492,2024-08-12,2,46.040000000000006,223,2,3,3,一般价值客户,公开数据未提供,card
ANON-0000-0000-0493,2024-08-12,1,27.92,223,2,1,1,流失风险客户,公开数据未提供,card
ANON-0000-0000-0494,2024-12-13,13,450.18,100,3,4,4,一般价值客户,公开数据未提供,card
ANON-0000-0000-0495,2024-08-13,1,27.92,222,2,1,1,流失风险客户,公开数据未提供,card
ANON-0000-0000-0496,2024-08-13,1,32.82,222,2,1,2,流失风险客户,公开数据未提供,card
ANON-0000-0000-0497,2024-08-13,1,27.92,222,2,1,1,流失风险客户,公开数据未提供,card
ANON-0000-0000-0498,2024-08-13,1,32.82,222,2,1,2,流失风险客户,公开数据未提供,card
ANON-0000-0000-0499,2024-08-13,2,65.64,222,2,3,3,一般价值客户,公开数据未提供,card
ANON-0000-0000-0500,2024-08-13,1,32.82,222,2,1,2,流失风险客户,公开数据未提供,card
ANON-0000-0000-0501,2024-08-13,1,23.02,222,2,1,1,流失风险客户,公开数据未提供,card
ANON-0000-0000-0502,2024-08-14,1,23.02,221,2,1,1,流失风险客户,公开数据未提供,card
ANON-0000-0000-0503,2024-08-14,1,32.82,221,2,1,2,流失风险客户,公开数据未提供,card
ANON-0000-0000-0504,2024-08-14,1,23.02,221,2,1,1,流失风险客户,公开数据未提供,card
ANON-0000-0000-0505,2024-08-14,1,23.02,221,2,1,1,流失风险客户,公开数据未提供,card
ANON-0000-0000-0506,2024-08-14,1,27.92,221,2,1,1,流失风险客户,公开数据未提供,card
ANON-0000-0000-0507,2025-03-21,51,1797.3,2,4,4,4,重要价值客户,公开数据未提供,card
ANON-0000-0000-0508,2024-08-15,1,32.82,220,2,1,2,流失风险客户,公开数据未提供,card
ANON-0000-0000-0509,2024-08-15,2,65.64,220,2,3,3,一般价值客户,公开数据未提供,card
ANON-0000-0000-0510,2024-10-17,9,297.34,157,3,4,4,一般价值客户,公开数据未提供,card
ANON-0000-0000-0511,2024-08-15,1,27.92,220,2,1,1,流失风险客户,公开数据未提供,card
ANON-0000-0000-0512,2024-08-15,2,60.74,220,2,3,3,一般价值客户,公开数据未提供,card
ANON-0000-0000-0513,2024-08-16,3,83.76,219,2,4,4,重要唤回客户,公开数据未提供,card
ANON-0000-0000-0514,2024-08-15,1,32.82,220,2,1,2,流失风险客户,公开数据未提供,card
ANON-0000-0000-0515,2024-08-16,1,23.02,219,2,1,1,流失风险客户,公开数据未提供,card
ANON-0000-0000-0516,2024-08-17,1,32.82,218,2,1,2,流失风险客户,公开数据未提供,card
ANON-0000-0000-0517,2024-08-17,1,27.92,218,2,1,1,流失风险客户,公开数据未提供,card
ANON-0000-0000-0518,2024-10-23,2,58.78,151,3,3,3,一般价值客户,公开数据未提供,card
ANON-0000-0000-0519,2024-08-17,1,32.82,218,2,1,2,流失风险客户,公开数据未提供,card
ANON-0000-0000-0520,2024-08-18,1,32.82,217,2,1,2,流失风险客户,公开数据未提供,card
ANON-0000-0000-0521,2024-08-18,1,32.82,217,2,1,2,流失风险客户,公开数据未提供,card
ANON-0000-0000-0522,2024-08-18,1,27.92,217,2,1,1,流失风险客户,公开数据未提供,card
ANON-0000-0000-0523,2024-08-18,4,101.88,217,2,4,4,重要唤回客户,公开数据未提供,card
ANON-0000-0000-0524,2024-08-19,2,55.84,216,2,3,3,一般价值客户,公开数据未提供,card
ANON-0000-0000-0525,2025-01-02,3,104.34,80,4,4,4,重要价值客户,公开数据未提供,card
ANON-0000-0000-0526,2024-08-20,2,41.14,215,2,3,3,一般价值客户,公开数据未提供,card
ANON-0000-0000-0527,2024-08-20,1,23.02,215,2,1,1,流失风险客户,公开数据未提供,card
ANON-0000-0000-0528,2024-08-20,1,23.02,215,2,1,1,流失风险客户,公开数据未提供,card
ANON-0000-0000-0529,2024-08-20,1,23.02,215,2,1,1,流失风险客户,公开数据未提供,card
ANON-0000-0000-0530,2024-08-20,1,32.82,215,2,1,2,流失风险客户,公开数据未提供,card
ANON-0000-0000-0531,2024-09-30,8,245.9,174,2,4,4,重要唤回客户,公开数据未提供,card
ANON-0000-0000-0532,2024-08-20,1,32.82,215,2,1,2,流失风险客户,公开数据未提供,card
ANON-0000-0000-0533,2025-01-13,2,58.78,69,4,3,3,一般价值客户,公开数据未提供,card
ANON-0000-0000-0534,2024-08-21,1,32.82,214,2,1,2,流失风险客户,公开数据未提供,card
ANON-0000-0000-0535,2024-08-22,1,27.92,213,2,1,1,流失风险客户,公开数据未提供,card
ANON-0000-0000-0536,2024-08-22,1,32.82,213,2,1,2,流失风险客户,公开数据未提供,card
ANON-0000-0000-0537,2024-08-22,1,32.82,213,2,1,2,流失风险客户,公开数据未提供,card
ANON-0000-0000-0538,2024-08-22,1,23.02,213,2,1,1,流失风险客户,公开数据未提供,card
ANON-0000-0000-0539,2024-08-23,2,55.84,212,2,3,3,一般价值客户,公开数据未提供,card
ANON-0000-0000-0540,2024-08-23,1,32.82,212,2,1,2,流失风险客户,公开数据未提供,card
ANON-0000-0000-0541,2024-08-23,1,23.02,212,2,1,1,流失风险客户,公开数据未提供,card
ANON-0000-0000-0542,2024-08-23,1,23.02,212,2,1,1,流失风险客户,公开数据未提供,card
ANON-0000-0000-0543,2024-11-23,15,380.58,120,3,4,4,一般价值客户,公开数据未提供,card
ANON-0000-0000-0544,2024-08-24,3,59.260000000000005,211,2,4,3,一般价值客户,公开数据未提供,card
ANON-0000-0000-0545,2024-08-25,1,32.82,210,2,1,2,流失风险客户,公开数据未提供,card
ANON-0000-0000-0546,2024-08-25,1,32.82,210,2,1,2,流失风险客户,公开数据未提供,card
ANON-0000-0000-0547,2024-08-26,1,32.82,209,2,1,2,流失风险客户,公开数据未提供,card
ANON-0000-0000-0548,2024-08-26,1,32.82,209,2,1,2,流失风险客户,公开数据未提供,card
ANON-0000-0000-0549,2024-08-26,2,60.74,209,2,3,3,一般价值客户,公开数据未提供,card
ANON-0000-0000-0550,2024-10-20,2,63.68,154,3,3,3,一般价值客户,公开数据未提供,card
ANON-0000-0000-0551,2024-08-28,2,60.74,207,2,3,3,一般价值客户,公开数据未提供,card
ANON-0000-0000-0552,2024-09-13,2,55.84,191,2,3,3,一般价值客户,公开数据未提供,card
ANON-0000-0000-0553,2024-08-29,1,23.02,206,2,1,1,流失风险客户,公开数据未提供,card
ANON-0000-0000-0554,2024-09-17,7,210.14000000000001,187,2,4,4,重要唤回客户,公开数据未提供,card
ANON-0000-0000-0555,2024-08-31,1,27.92,204,2,1,1,流失风险客户,公开数据未提供,card
ANON-0000-0000-0556,2024-08-31,1,18.12,204,2,1,1,流失风险客户,公开数据未提供,card
ANON-0000-0000-0557,2024-08-31,1,27.92,204,2,1,1,流失风险客户,公开数据未提供,card
ANON-0000-0000-0558,2024-09-01,1,32.82,203,2,1,2,流失风险客户,公开数据未提供,card
ANON-0000-0000-0559,2024-09-01,1,27.92,203,2,1,1,流失风险客户,公开数据未提供,card
ANON-0000-0000-0560,2024-09-01,1,32.82,203,2,1,2,流失风险客户,公开数据未提供,card
ANON-0000-0000-0561,2024-09-01,1,32.82,203,2,1,2,流失风险客户,公开数据未提供,card
ANON-0000-0000-0562,2024-09-01,1,32.82,203,2,1,2,流失风险客户,公开数据未提供,card
ANON-0000-0000-0563,2024-09-01,1,32.82,203,2,1,2,流失风险客户,公开数据未提供,card
ANON-0000-0000-0564,2024-09-02,1,27.92,202,2,1,1,流失风险客户,公开数据未提供,card
ANON-0000-0000-0565,2024-09-12,3,98.46000000000001,192,2,4,4,重要唤回客户,公开数据未提供,card
ANON-0000-0000-0566,2024-09-02,1,27.92,202,2,1,1,流失风险客户,公开数据未提供,card
ANON-0000-0000-0567,2024-09-02,1,32.82,202,2,1,2,流失风险客户,公开数据未提供,card
ANON-0000-0000-0568,2024-09-02,2,46.04,202,2,3,3,一般价值客户,公开数据未提供,card
ANON-0000-0000-0569,2024-09-03,1,32.82,201,2,1,2,流失风险客户,公开数据未提供,card
ANON-0000-0000-0570,2025-01-09,30,1061.04,73,4,4,4,重要价值客户,公开数据未提供,card
ANON-0000-0000-0571,2024-10-30,6,184.18,144,3,4,4,一般价值客户,公开数据未提供,card
ANON-0000-0000-0572,2024-09-03,2,65.64,201,2,3,3,一般价值客户,公开数据未提供,card
ANON-0000-0000-0573,2024-09-23,2,55.84,181,2,3,3,一般价值客户,公开数据未提供,card
ANON-0000-0000-0574,2024-09-03,1,32.82,201,2,1,2,流失风险客户,公开数据未提供,card
ANON-0000-0000-0575,2024-09-03,1,32.82,201,2,1,2,流失风险客户,公开数据未提供,card
ANON-0000-0000-0576,2024-09-03,1,23.02,201,2,1,1,流失风险客户,公开数据未提供,card
ANON-0000-0000-0577,2024-09-04,1,27.92,200,2,1,1,流失风险客户,公开数据未提供,card
ANON-0000-0000-0578,2024-09-04,1,27.92,200,2,1,1,流失风险客户,公开数据未提供,card
ANON-0000-0000-0579,2024-12-05,3,96.5,108,3,4,4,一般价值客户,公开数据未提供,card
ANON-0000-0000-0580,2024-09-04,1,32.82,200,2,1,2,流失风险客户,公开数据未提供,card
ANON-0000-0000-0581,2024-09-05,1,27.92,199,2,1,1,流失风险客户,公开数据未提供,card
ANON-0000-0000-0582,2024-09-09,3,98.46000000000001,195,2,4,4,重要唤回客户,公开数据未提供,card
ANON-0000-0000-0583,2024-09-24,4,131.28,180,2,4,4,重要唤回客户,公开数据未提供,card
ANON-0000-0000-0584,2024-09-23,4,96.98,181,2,4,4,重要唤回客户,公开数据未提供,card
ANON-0000-0000-0585,2024-10-01,2,63.68,173,3,3,3,一般价值客户,公开数据未提供,card
ANON-0000-0000-0586,2024-09-05,2,65.64,199,2,3,3,一般价值客户,公开数据未提供,card
ANON-0000-0000-0587,2024-09-05,1,32.82,199,2,1,2,流失风险客户,公开数据未提供,card
ANON-0000-0000-0588,2024-09-05,2,55.84,199,2,3,3,一般价值客户,公开数据未提供,card
ANON-0000-0000-0589,2024-09-06,1,23.02,198,2,1,1,流失风险客户,公开数据未提供,card
ANON-0000-0000-0590,2024-09-06,2,50.94,198,2,3,3,一般价值客户,公开数据未提供,card
ANON-0000-0000-0591,2024-09-06,1,32.82,198,2,1,2,流失风险客户,公开数据未提供,card
ANON-0000-0000-0592,2024-09-07,1,32.82,197,2,1,2,流失风险客户,公开数据未提供,card
ANON-0000-0000-0593,2024-09-07,1,23.02,197,2,1,1,流失风险客户,公开数据未提供,card
ANON-0000-0000-0594,2024-09-07,1,23.02,197,2,1,1,流失风险客户,公开数据未提供,card
ANON-0000-0000-0595,2024-09-07,2,36.24,197,2,3,3,一般价值客户,公开数据未提供,card
ANON-0000-0000-0596,2024-09-07,1,32.82,197,2,1,2,流失风险客户,公开数据未提供,card
ANON-0000-0000-0597,2024-09-07,1,32.82,197,2,1,2,流失风险客户,公开数据未提供,card
ANON-0000-0000-0598,2024-10-07,3,101.4,167,3,4,4,一般价值客户,公开数据未提供,card
ANON-0000-0000-0599,2024-09-09,2,60.74,195,2,3,3,一般价值客户,公开数据未提供,card
ANON-0000-0000-0600,2024-09-09,1,27.92,195,2,1,1,流失风险客户,公开数据未提供,card
ANON-0000-0000-0601,2024-09-09,1,27.92,195,2,1,1,流失风险客户,公开数据未提供,card
ANON-0000-0000-0602,2024-09-29,4,134.22,175,2,4,4,重要唤回客户,公开数据未提供,card
ANON-0000-0000-0603,2024-09-09,1,18.12,195,2,1,1,流失风险客户,公开数据未提供,card
ANON-0000-0000-0604,2024-09-09,2,55.84,195,2,3,3,一般价值客户,公开数据未提供,card
ANON-0000-0000-0605,2024-09-09,1,32.82,195,2,1,2,流失风险客户,公开数据未提供,card
ANON-0000-0000-0606,2024-09-09,1,32.82,195,2,1,2,流失风险客户,公开数据未提供,card
ANON-0000-0000-0607,2024-09-10,1,32.82,194,2,1,2,流失风险客户,公开数据未提供,card
ANON-0000-0000-0608,2024-09-10,1,32.82,194,2,1,2,流失风险客户,公开数据未提供,card
ANON-0000-0000-0609,2024-09-10,1,32.82,194,2,1,2,流失风险客户,公开数据未提供,card
ANON-0000-0000-0610,2024-09-10,1,27.92,194,2,1,1,流失风险客户,公开数据未提供,card
ANON-0000-0000-0611,2024-09-10,2,65.64,194,2,3,3,一般价值客户,公开数据未提供,card
ANON-0000-0000-0612,2024-12-14,3,104.34,99,3,4,4,一般价值客户,公开数据未提供,card
ANON-0000-0000-0613,2024-09-11,1,32.82,193,2,1,2,流失风险客户,公开数据未提供,card
ANON-0000-0000-0614,2024-09-11,1,32.82,193,2,2,2,流失风险客户,公开数据未提供,card
ANON-0000-0000-0615,2024-09-12,1,27.92,192,2,2,1,流失风险客户,公开数据未提供,card
ANON-0000-0000-0616,2024-09-12,2,46.04,192,2,3,3,一般价值客户,公开数据未提供,card
ANON-0000-0000-0617,2024-09-12,1,32.82,192,2,2,2,流失风险客户,公开数据未提供,card
ANON-0000-0000-0618,2024-09-12,2,55.84,192,2,3,3,一般价值客户,公开数据未提供,card
ANON-0000-0000-0619,2024-09-13,1,32.82,191,2,2,2,流失风险客户,公开数据未提供,card
ANON-0000-0000-0620,2025-01-03,4,122.46000000000001,79,4,4,4,重要价值客户,公开数据未提供,card
ANON-0000-0000-0621,2024-09-17,3,98.46000000000001,187,2,4,4,重要唤回客户,公开数据未提供,card
ANON-0000-0000-0622,2024-11-06,4,135.2,137,3,4,4,一般价值客户,公开数据未提供,card
ANON-0000-0000-0623,2024-09-16,1,32.82,188,2,2,2,流失风险客户,公开数据未提供,card
ANON-0000-0000-0624,2024-09-16,1,32.82,188,2,2,2,流失风险客户,公开数据未提供,card
ANON-0000-0000-0625,2024-09-16,1,32.82,188,2,2,2,流失风险客户,公开数据未提供,card
ANON-0000-0000-0626,2024-09-16,2,60.74,188,2,3,3,一般价值客户,公开数据未提供,card
ANON-0000-0000-0627,2024-09-19,2,46.04,185,2,3,3,一般价值客户,公开数据未提供,card
ANON-0000-0000-0628,2024-09-17,2,46.040000000000006,187,2,3,3,一般价值客户,公开数据未提供,card
ANON-0000-0000-0629,2024-09-17,1,32.82,187,2,2,2,流失风险客户,公开数据未提供,card
ANON-0000-0000-0630,2024-09-17,2,55.84,187,2,3,3,一般价值客户,公开数据未提供,card
ANON-0000-0000-0631,2024-09-30,3,101.4,174,2,4,4,重要唤回客户,公开数据未提供,card
ANON-0000-0000-0632,2024-09-17,1,27.92,187,2,2,1,流失风险客户,公开数据未提供,card
ANON-0000-0000-0633,2024-09-30,2,58.78,174,2,3,3,一般价值客户,公开数据未提供,card
ANON-0000-0000-0634,2025-01-15,7,225.82,67,4,4,4,重要价值客户,公开数据未提供,card
ANON-0000-0000-0635,2024-09-17,1,27.92,187,2,2,1,流失风险客户,公开数据未提供,card
ANON-0000-0000-0636,2024-12-22,5,175.85999999999999,91,4,4,4,重要价值客户,公开数据未提供,card
ANON-0000-0000-0637,2024-11-25,17,594.1999999999999,118,3,4,4,一般价值客户,公开数据未提供,card
ANON-0000-0000-0638,2024-09-18,1,32.82,186,2,2,2,流失风险客户,公开数据未提供,card
ANON-0000-0000-0639,2024-09-18,1,32.82,186,2,2,2,流失风险客户,公开数据未提供,card
ANON-0000-0000-0640,2024-09-19,1,23.02,185,2,2,1,流失风险客户,公开数据未提供,card
ANON-0000-0000-0641,2024-09-23,3,83.76,181,2,4,4,重要唤回客户,公开数据未提供,card
ANON-0000-0000-0642,2024-09-20,1,32.82,184,2,2,2,流失风险客户,公开数据未提供,card
ANON-0000-0000-0643,2024-09-20,1,23.02,184,2,2,1,流失风险客户,公开数据未提供,card
ANON-0000-0000-0644,2024-09-21,2,65.64,183,2,3,3,一般价值客户,公开数据未提供,card
ANON-0000-0000-0645,2024-09-21,1,32.82,183,2,2,2,流失风险客户,公开数据未提供,card
ANON-0000-0000-0646,2024-09-21,1,32.82,183,2,2,2,流失风险客户,公开数据未提供,card
ANON-0000-0000-0647,2024-09-21,3,73.96000000000001,183,2,4,4,重要唤回客户,公开数据未提供,card
ANON-0000-0000-0648,2024-09-22,1,23.02,182,2,2,1,流失风险客户,公开数据未提供,card
ANON-0000-0000-0649,2024-09-22,2,60.74,182,2,3,3,一般价值客户,公开数据未提供,card
ANON-0000-0000-0650,2024-10-20,11,284.58,154,3,4,4,一般价值客户,公开数据未提供,card
ANON-0000-0000-0651,2024-09-22,1,27.92,182,2,2,1,流失风险客户,公开数据未提供,card
ANON-0000-0000-0652,2024-09-22,2,60.74,182,2,3,3,一般价值客户,公开数据未提供,card
ANON-0000-0000-0653,2024-09-22,1,32.82,182,2,2,2,流失风险客户,公开数据未提供,card
ANON-0000-0000-0654,2024-09-22,2,65.64,182,2,3,3,一般价值客户,公开数据未提供,card
ANON-0000-0000-0655,2024-09-22,2,55.84,182,2,3,3,一般价值客户,公开数据未提供,card
ANON-0000-0000-0656,2024-09-22,1,23.02,182,2,2,1,流失风险客户,公开数据未提供,card
ANON-0000-0000-0657,2024-09-22,1,27.92,182,2,2,1,流失风险客户,公开数据未提供,card
ANON-0000-0000-0658,2024-10-09,3,94.53999999999999,165,3,4,4,一般价值客户,公开数据未提供,card
ANON-0000-0000-0659,2024-09-23,1,23.02,181,2,2,1,流失风险客户,公开数据未提供,card
ANON-0000-0000-0660,2024-09-24,2,65.64,180,2,3,3,一般价值客户,公开数据未提供,card
ANON-0000-0000-0661,2024-09-24,1,32.82,180,2,2,2,流失风险客户,公开数据未提供,card
ANON-0000-0000-0662,2024-09-24,1,23.02,180,2,2,1,流失风险客户,公开数据未提供,card
ANON-0000-0000-0663,2024-09-24,1,32.82,180,2,2,2,流失风险客户,公开数据未提供,card
ANON-0000-0000-0664,2024-12-17,3,104.34,96,3,4,4,一般价值客户,公开数据未提供,card
ANON-0000-0000-0665,2024-10-06,5,163.12,168,3,4,4,一般价值客户,公开数据未提供,card
ANON-0000-0000-0666,2024-09-28,3,83.76,176,2,4,4,重要唤回客户,公开数据未提供,card
ANON-0000-0000-0667,2024-09-25,2,55.84,179,2,3,3,一般价值客户,公开数据未提供,card
ANON-0000-0000-0668,2024-09-25,1,23.02,179,2,2,1,流失风险客户,公开数据未提供,card
ANON-0000-0000-0669,2024-09-26,1,18.12,178,2,2,1,流失风险客户,公开数据未提供,card
ANON-0000-0000-0670,2024-09-26,1,32.82,178,2,2,2,流失风险客户,公开数据未提供,card
ANON-0000-0000-0671,2024-09-26,1,32.82,178,2,2,2,流失风险客户,公开数据未提供,card
ANON-0000-0000-0672,2024-09-26,1,32.82,178,2,2,2,流失风险客户,公开数据未提供,card
ANON-0000-0000-0673,2024-09-26,2,55.84,178,2,3,3,一般价值客户,公开数据未提供,card
ANON-0000-0000-0674,2024-09-27,1,32.82,177,2,2,2,流失风险客户,公开数据未提供,card
ANON-0000-0000-0675,2024-09-27,1,32.82,177,2,2,2,流失风险客户,公开数据未提供,card
ANON-0000-0000-0676,2024-09-27,2,55.84,177,2,3,3,一般价值客户,公开数据未提供,card
ANON-0000-0000-0677,2024-09-27,1,27.92,177,2,2,1,流失风险客户,公开数据未提供,card
ANON-0000-0000-0678,2024-09-27,2,65.64,177,2,3,3,一般价值客户,公开数据未提供,card
ANON-0000-0000-0679,2024-09-27,1,32.82,177,2,2,2,流失风险客户,公开数据未提供,card
ANON-0000-0000-0680,2024-09-27,1,32.82,177,2,2,2,流失风险客户,公开数据未提供,card
ANON-0000-0000-0681,2024-09-27,1,27.92,177,2,2,1,流失风险客户,公开数据未提供,card
ANON-0000-0000-0682,2025-01-14,3,99.44,68,4,4,4,重要价值客户,公开数据未提供,card
ANON-0000-0000-0683,2024-11-23,11,363.96,120,3,4,4,一般价值客户,公开数据未提供,card
ANON-0000-0000-0684,2024-09-28,1,30.86,176,2,2,1,流失风险客户,公开数据未提供,card
ANON-0000-0000-0685,2024-12-03,4,143.04,110,3,4,4,一般价值客户,公开数据未提供,card
ANON-0000-0000-0686,2024-09-28,2,71.52,176,2,3,3,一般价值客户,公开数据未提供,card
ANON-0000-0000-0687,2024-09-28,2,61.72,176,2,3,3,一般价值客户,公开数据未提供,card
ANON-0000-0000-0688,2024-09-29,1,35.76,175,2,2,2,流失风险客户,公开数据未提供,card
ANON-0000-0000-0689,2024-09-29,1,35.76,175,2,2,2,流失风险客户,公开数据未提供,card
ANON-0000-0000-0690,2025-01-03,8,286.08,79,4,4,4,重要价值客户,公开数据未提供,card
ANON-0000-0000-0691,2024-11-12,2,61.72,131,3,3,3,一般价值客户,公开数据未提供,card
ANON-0000-0000-0692,2024-09-30,1,35.76,174,2,2,2,流失风险客户,公开数据未提供,card
ANON-0000-0000-0693,2024-09-30,1,30.86,174,2,2,1,流失风险客户,公开数据未提供,card
ANON-0000-0000-0694,2024-09-30,2,56.82,174,2,3,3,一般价值客户,公开数据未提供,card
ANON-0000-0000-0695,2024-11-01,3,92.58,142,3,4,4,一般价值客户,公开数据未提供,card
ANON-0000-0000-0696,2024-12-02,19,679.4399999999999,111,3,4,4,一般价值客户,公开数据未提供,card
ANON-0000-0000-0697,2024-10-01,1,30.86,173,3,2,1,新客/潜力客户,公开数据未提供,card
ANON-0000-0000-0698,2024-10-01,2,61.72,173,3,3,3,一般价值客户,公开数据未提供,card
ANON-0000-0000-0699,2024-10-01,2,56.82,173,3,3,3,一般价值客户,公开数据未提供,card
ANON-0000-0000-0700,2024-10-21,3,77.88,153,3,4,4,一般价值客户,公开数据未提供,card
ANON-0000-0000-0701,2024-12-27,2,71.52,86,4,3,3,一般价值客户,公开数据未提供,card
ANON-0000-0000-0702,2024-10-17,5,178.79999999999998,157,3,4,4,一般价值客户,公开数据未提供,card
ANON-0000-0000-0703,2024-10-31,5,178.79999999999998,143,3,4,4,一般价值客户,公开数据未提供,card
ANON-0000-0000-0704,2024-10-02,1,30.86,172,3,2,1,新客/潜力客户,公开数据未提供,card
ANON-0000-0000-0705,2024-10-02,1,35.76,172,3,2,2,新客/潜力客户,公开数据未提供,card
ANON-0000-0000-0706,2024-10-02,1,35.76,172,3,2,2,新客/潜力客户,公开数据未提供,card
ANON-0000-0000-0707,2024-10-28,2,71.52,146,3,3,3,一般价值客户,公开数据未提供,card
ANON-0000-0000-0708,2024-10-03,1,35.76,171,3,2,2,新客/潜力客户,公开数据未提供,card
ANON-0000-0000-0709,2024-10-03,1,30.86,171,3,2,1,新客/潜力客户,公开数据未提供,card
ANON-0000-0000-0710,2024-10-03,2,61.72,171,3,3,3,一般价值客户,公开数据未提供,card
ANON-0000-0000-0711,2024-10-03,1,35.76,171,3,2,2,新客/潜力客户,公开数据未提供,card
ANON-0000-0000-0712,2024-10-03,1,35.76,171,3,2,2,新客/潜力客户,公开数据未提供,card
ANON-0000-0000-0713,2024-10-10,3,102.38,164,3,4,4,一般价值客户,公开数据未提供,card
ANON-0000-0000-0714,2024-12-16,4,143.04,97,3,4,4,一般价值客户,公开数据未提供,card
ANON-0000-0000-0715,2024-10-26,2,71.52,148,3,3,3,一般价值客户,公开数据未提供,card
ANON-0000-0000-0716,2024-10-06,1,35.76,168,3,2,2,新客/潜力客户,公开数据未提供,card
ANON-0000-0000-0717,2024-10-06,2,61.72,168,3,3,3,一般价值客户,公开数据未提供,card
ANON-0000-0000-0718,2024-10-06,3,102.38,168,3,4,4,一般价值客户,公开数据未提供,card
ANON-0000-0000-0719,2024-10-06,1,35.76,168,3,2,2,新客/潜力客户,公开数据未提供,card
ANON-0000-0000-0720,2024-10-06,1,21.06,168,3,2,1,新客/潜力客户,公开数据未提供,card
ANON-0000-0000-0721,2024-10-06,1,30.86,168,3,2,1,新客/潜力客户,公开数据未提供,card
ANON-0000-0000-0722,2024-11-05,2,71.52,138,3,3,3,一般价值客户,公开数据未提供,card
ANON-0000-0000-0723,2024-10-06,2,71.52,168,3,3,3,一般价值客户,公开数据未提供,card
ANON-0000-0000-0724,2024-10-07,1,35.76,167,3,2,2,新客/潜力客户,公开数据未提供,card
ANON-0000-0000-0725,2024-10-11,2,71.52,163,3,3,3,一般价值客户,公开数据未提供,card
ANON-0000-0000-0726,2024-10-21,5,173.89999999999998,153,3,4,4,一般价值客户,公开数据未提供,card
ANON-0000-0000-0727,2024-12-28,2,61.72,85,4,3,3,一般价值客户,公开数据未提供,card
ANON-0000-0000-0728,2024-10-07,2,51.92,167,3,3,3,一般价值客户,公开数据未提供,card
ANON-0000-0000-0729,2024-12-29,3,107.28,84,4,4,4,重要价值客户,公开数据未提供,card
ANON-0000-0000-0730,2024-10-08,1,30.86,166,3,2,1,新客/潜力客户,公开数据未提供,card
ANON-0000-0000-0731,2025-01-15,7,245.42,67,4,4,4,重要价值客户,公开数据未提供,card
ANON-0000-0000-0732,2024-10-08,1,35.76,166,3,2,2,新客/潜力客户,公开数据未提供,card
ANON-0000-0000-0733,2024-10-09,1,21.06,165,3,2,1,新客/潜力客户,公开数据未提供,card
ANON-0000-0000-0734,2024-10-30,2,56.82,144,3,3,3,一般价值客户,公开数据未提供,card
ANON-0000-0000-0735,2024-10-09,1,30.86,165,3,2,1,新客/潜力客户,公开数据未提供,card
ANON-0000-0000-0736,2024-10-15,3,92.58,159,3,4,4,一般价值客户,公开数据未提供,card
ANON-0000-0000-0737,2024-10-09,1,35.76,165,3,2,2,新客/潜力客户,公开数据未提供,card
ANON-0000-0000-0738,2024-10-10,1,35.76,164,3,2,2,新客/潜力客户,公开数据未提供,card
ANON-0000-0000-0739,2024-10-10,1,35.76,164,3,2,2,新客/潜力客户,公开数据未提供,card
ANON-0000-0000-0740,2024-10-11,2,71.52,163,3,3,3,一般价值客户,公开数据未提供,card
ANON-0000-0000-0741,2024-10-10,1,35.76,164,3,2,2,新客/潜力客户,公开数据未提供,card
ANON-0000-0000-0742,2024-11-06,2,51.92,137,3,3,3,一般价值客户,公开数据未提供,card
ANON-0000-0000-0743,2024-10-11,1,35.76,163,3,2,2,新客/潜力客户,公开数据未提供,card
ANON-0000-0000-0744,2024-10-11,1,30.86,163,3,2,1,新客/潜力客户,公开数据未提供,card
ANON-0000-0000-0745,2024-10-11,2,61.72,163,3,3,3,一般价值客户,公开数据未提供,card
ANON-0000-0000-0746,2024-10-11,2,71.52,163,3,3,3,一般价值客户,公开数据未提供,card
ANON-0000-0000-0747,2024-10-11,1,35.76,163,3,2,2,新客/潜力客户,公开数据未提供,card
ANON-0000-0000-0748,2024-12-13,3,102.38,100,3,4,4,一般价值客户,公开数据未提供,card
ANON-0000-0000-0749,2024-10-11,2,71.52,163,3,3,4,一般价值客户,公开数据未提供,card
ANON-0000-0000-0750,2024-10-12,1,30.86,162,3,2,1,新客/潜力客户,公开数据未提供,card
ANON-0000-0000-0751,2024-10-21,2,71.52,153,3,3,4,一般价值客户,公开数据未提供,card
ANON-0000-0000-0752,2024-10-13,1,30.86,161,3,2,1,新客/潜力客户,公开数据未提供,card
ANON-0000-0000-0753,2024-10-13,1,35.76,161,3,2,2,新客/潜力客户,公开数据未提供,card
ANON-0000-0000-0754,2024-10-14,1,35.76,160,3,2,2,新客/潜力客户,公开数据未提供,card
ANON-0000-0000-0755,2024-10-14,1,35.76,160,3,2,2,新客/潜力客户,公开数据未提供,card
ANON-0000-0000-0756,2024-10-14,1,35.76,160,3,2,2,新客/潜力客户,公开数据未提供,card
ANON-0000-0000-0757,2024-10-14,1,25.96,160,3,2,1,新客/潜力客户,公开数据未提供,card
ANON-0000-0000-0758,2024-10-14,2,71.52,160,3,3,4,一般价值客户,公开数据未提供,card
ANON-0000-0000-0759,2024-10-14,1,35.76,160,3,2,2,新客/潜力客户,公开数据未提供,card
ANON-0000-0000-0760,2024-10-14,1,35.76,160,3,2,2,新客/潜力客户,公开数据未提供,card
ANON-0000-0000-0761,2024-10-15,1,21.06,159,3,2,1,新客/潜力客户,公开数据未提供,card
ANON-0000-0000-0762,2024-10-15,1,35.76,159,3,2,2,新客/潜力客户,公开数据未提供,card
ANON-0000-0000-0763,2024-10-15,1,35.76,159,3,2,2,新客/潜力客户,公开数据未提供,card
ANON-0000-0000-0764,2024-10-16,2,56.82,158,3,3,3,一般价值客户,公开数据未提供,card
ANON-0000-0000-0765,2024-10-15,2,47.019999999999996,159,3,3,3,一般价值客户,公开数据未提供,card
ANON-0000-0000-0766,2024-10-15,1,35.76,159,3,2,2,新客/潜力客户,公开数据未提供,card
ANON-0000-0000-0767,2024-10-15,2,61.72,159,3,3,3,一般价值客户,公开数据未提供,card
ANON-0000-0000-0768,2024-10-16,1,25.96,158,3,2,1,新客/潜力客户,公开数据未提供,card
ANON-0000-0000-0769,2024-11-18,3,92.58,125,3,4,4,一般价值客户,公开数据未提供,card
ANON-0000-0000-0770,2024-10-16,1,35.76,158,3,2,2,新客/潜力客户,公开数据未提供,card
ANON-0000-0000-0771,2024-12-05,3,97.47999999999999,108,3,4,4,一般价值客户,公开数据未提供,card
ANON-0000-0000-0772,2024-10-16,1,35.76,158,3,2,2,新客/潜力客户,公开数据未提供,card
ANON-0000-0000-0773,2024-10-17,1,30.86,157,3,2,1,新客/潜力客户,公开数据未提供,card
ANON-0000-0000-0774,2024-10-17,1,30.86,157,3,2,1,新客/潜力客户,公开数据未提供,card
ANON-0000-0000-0775,2024-10-17,1,35.76,157,3,2,2,新客/潜力客户,公开数据未提供,card
ANON-0000-0000-0776,2024-10-17,1,25.96,157,3,2,1,新客/潜力客户,公开数据未提供,card
ANON-0000-0000-0777,2024-10-17,2,71.52,157,3,3,4,一般价值客户,公开数据未提供,card
ANON-0000-0000-0778,2024-10-17,1,30.86,157,3,2,1,新客/潜力客户,公开数据未提供,card
ANON-0000-0000-0779,2024-10-17,4,143.04,157,3,4,4,一般价值客户,公开数据未提供,card
ANON-0000-0000-0780,2024-10-18,2,71.52,156,3,3,4,一般价值客户,公开数据未提供,card
ANON-0000-0000-0781,2024-10-18,2,71.52,156,3,3,4,一般价值客户,公开数据未提供,card
ANON-0000-0000-0782,2024-10-18,1,35.76,156,3,2,2,新客/潜力客户,公开数据未提供,card
ANON-0000-0000-0783,2024-12-04,2,71.52,109,3,3,4,一般价值客户,公开数据未提供,card
ANON-0000-0000-0784,2024-10-18,1,30.86,156,3,2,1,新客/潜力客户,公开数据未提供,card
ANON-0000-0000-0785,2024-10-19,1,30.86,155,3,2,1,新客/潜力客户,公开数据未提供,card
ANON-0000-0000-0786,2024-10-19,1,35.76,155,3,2,2,新客/潜力客户,公开数据未提供,card
ANON-0000-0000-0787,2024-12-08,3,107.28,105,3,4,4,一般价值客户,公开数据未提供,card
ANON-0000-0000-0788,2024-10-24,4,143.04,150,3,4,4,一般价值客户,公开数据未提供,card
ANON-0000-0000-0789,2024-10-21,2,71.52,153,3,3,4,一般价值客户,公开数据未提供,card
ANON-0000-0000-0790,2024-10-20,1,25.96,154,3,2,1,新客/潜力客户,公开数据未提供,card
ANON-0000-0000-0791,2024-10-21,2,71.52,153,3,3,4,一般价值客户,公开数据未提供,card
ANON-0000-0000-0792,2024-10-20,1,35.76,154,3,2,2,新客/潜力客户,公开数据未提供,card
ANON-0000-0000-0793,2024-10-21,1,35.76,153,3,2,2,新客/潜力客户,公开数据未提供,card
ANON-0000-0000-0794,2024-10-21,1,35.76,153,3,2,2,新客/潜力客户,公开数据未提供,card
ANON-0000-0000-0795,2024-10-21,1,30.86,153,3,2,1,新客/潜力客户,公开数据未提供,card
ANON-0000-0000-0796,2024-10-21,1,25.96,153,3,2,1,新客/潜力客户,公开数据未提供,card
ANON-0000-0000-0797,2024-10-21,1,35.76,153,3,2,2,新客/潜力客户,公开数据未提供,card
ANON-0000-0000-0798,2024-12-15,2,71.52,98,3,3,4,一般价值客户,公开数据未提供,card
ANON-0000-0000-0799,2024-10-29,2,71.52,145,3,3,4,一般价值客户,公开数据未提供,card
ANON-0000-0000-0800,2024-10-22,1,25.96,152,3,2,1,新客/潜力客户,公开数据未提供,card
ANON-0000-0000-0801,2024-10-22,1,25.96,152,3,2,1,新客/潜力客户,公开数据未提供,card
ANON-0000-0000-0802,2024-12-09,2,56.82,104,3,3,3,一般价值客户,公开数据未提供,card
ANON-0000-0000-0803,2024-10-23,2,61.72,151,3,3,3,一般价值客户,公开数据未提供,card
ANON-0000-0000-0804,2024-10-29,3,107.28,145,3,4,4,一般价值客户,公开数据未提供,card
ANON-0000-0000-0805,2024-10-23,1,21.06,151,3,2,1,新客/潜力客户,公开数据未提供,card
ANON-0000-0000-0806,2024-10-23,1,35.76,151,3,2,2,新客/潜力客户,公开数据未提供,card
ANON-0000-0000-0807,2024-10-23,1,35.76,151,3,2,2,新客/潜力客户,公开数据未提供,card
ANON-0000-0000-0808,2024-10-24,1,25.96,150,3,2,1,新客/潜力客户,公开数据未提供,card
ANON-0000-0000-0809,2024-10-24,1,35.76,150,3,2,2,新客/潜力客户,公开数据未提供,card
ANON-0000-0000-0810,2024-10-24,2,71.52,150,3,3,4,一般价值客户,公开数据未提供,card
ANON-0000-0000-0811,2024-10-24,2,51.92,150,3,3,3,一般价值客户,公开数据未提供,card
ANON-0000-0000-0812,2024-10-24,1,25.96,150,3,2,1,新客/潜力客户,公开数据未提供,card
ANON-0000-0000-0813,2024-10-24,2,71.52,150,3,3,4,一般价值客户,公开数据未提供,card
ANON-0000-0000-0814,2024-10-25,1,35.76,149,3,2,2,新客/潜力客户,公开数据未提供,card
ANON-0000-0000-0815,2024-10-25,2,56.81999999999999,149,3,3,3,一般价值客户,公开数据未提供,card
ANON-0000-0000-0816,2024-10-26,1,25.96,148,3,2,1,新客/潜力客户,公开数据未提供,card
ANON-0000-0000-0817,2024-10-26,1,35.76,148,3,2,2,新客/潜力客户,公开数据未提供,card
ANON-0000-0000-0818,2024-10-26,2,71.52,148,3,3,4,一般价值客户,公开数据未提供,card
ANON-0000-0000-0819,2024-12-20,11,334.56,93,4,4,4,重要价值客户,公开数据未提供,card
ANON-0000-0000-0820,2024-10-26,1,30.86,148,3,2,1,新客/潜力客户,公开数据未提供,card
ANON-0000-0000-0821,2024-10-26,1,30.86,148,3,2,1,新客/潜力客户,公开数据未提供,card
ANON-0000-0000-0822,2024-10-27,1,35.76,147,3,2,2,新客/潜力客户,公开数据未提供,card
ANON-0000-0000-0823,2024-10-28,1,25.96,146,3,2,1,新客/潜力客户,公开数据未提供,card
ANON-0000-0000-0824,2024-10-28,2,71.52,146,3,3,4,一般价值客户,公开数据未提供,card
ANON-0000-0000-0825,2024-10-28,1,30.86,146,3,2,1,新客/潜力客户,公开数据未提供,card
ANON-0000-0000-0826,2024-10-28,1,35.76,146,3,2,2,新客/潜力客户,公开数据未提供,card
ANON-0000-0000-0827,2024-10-28,1,30.86,146,3,2,1,新客/潜力客户,公开数据未提供,card
ANON-0000-0000-0828,2024-11-07,4,143.04,136,3,4,4,一般价值客户,公开数据未提供,card
ANON-0000-0000-0829,2024-10-29,1,30.86,145,3,2,1,新客/潜力客户,公开数据未提供,card
ANON-0000-0000-0830,2024-10-29,1,21.06,145,3,2,1,新客/潜力客户,公开数据未提供,card
ANON-0000-0000-0831,2024-10-29,2,51.92,145,3,4,3,一般价值客户,公开数据未提供,card
ANON-0000-0000-0832,2024-10-29,1,35.76,145,3,2,2,新客/潜力客户,公开数据未提供,card
ANON-0000-0000-0833,2024-10-29,1,35.76,145,3,2,2,新客/潜力客户,公开数据未提供,card
ANON-0000-0000-0834,2024-10-29,1,35.76,145,3,2,2,新客/潜力客户,公开数据未提供,card
ANON-0000-0000-0835,2024-10-29,2,61.72,145,3,4,3,一般价值客户,公开数据未提供,card
ANON-0000-0000-0836,2024-10-29,1,30.86,145,3,2,1,新客/潜力客户,公开数据未提供,card
ANON-0000-0000-0837,2024-10-30,1,35.76,144,3,2,2,新客/潜力客户,公开数据未提供,card
ANON-0000-0000-0838,2024-10-30,2,71.52,144,3,4,4,一般价值客户,公开数据未提供,card
ANON-0000-0000-0839,2024-10-30,1,25.96,144,3,2,1,新客/潜力客户,公开数据未提供,card
ANON-0000-0000-0840,2024-10-30,1,30.86,144,3,2,1,新客/潜力客户,公开数据未提供,card
ANON-0000-0000-0841,2024-10-30,1,35.76,144,3,2,2,新客/潜力客户,公开数据未提供,card
ANON-0000-0000-0842,2025-01-12,6,185.16,70,4,4,4,重要价值客户,公开数据未提供,card
ANON-0000-0000-0843,2024-10-31,1,35.76,143,3,2,2,新客/潜力客户,公开数据未提供,card
ANON-0000-0000-0844,2024-10-31,1,30.86,143,3,2,1,新客/潜力客户,公开数据未提供,card
ANON-0000-0000-0845,2024-11-01,1,25.96,142,3,2,1,新客/潜力客户,公开数据未提供,card
ANON-0000-0000-0846,2024-11-02,1,30.86,141,3,2,1,新客/潜力客户,公开数据未提供,card
ANON-0000-0000-0847,2024-11-02,1,35.76,141,3,2,2,新客/潜力客户,公开数据未提供,card
ANON-0000-0000-0848,2024-11-02,1,25.96,141,3,2,1,新客/潜力客户,公开数据未提供,card
ANON-0000-0000-0849,2024-11-03,2,66.62,140,3,4,3,一般价值客户,公开数据未提供,card
ANON-0000-0000-0850,2024-11-03,1,25.96,140,3,2,1,新客/潜力客户,公开数据未提供,card
ANON-0000-0000-0851,2024-11-15,2,61.72,128,3,4,3,一般价值客户,公开数据未提供,card
ANON-0000-0000-0852,2024-11-03,2,51.92,140,3,4,3,一般价值客户,公开数据未提供,card
ANON-0000-0000-0853,2024-11-04,1,25.96,139,3,2,1,新客/潜力客户,公开数据未提供,card
ANON-0000-0000-0854,2024-11-04,1,30.86,139,3,2,1,新客/潜力客户,公开数据未提供,card
ANON-0000-0000-0855,2024-11-05,1,35.76,138,3,2,2,新客/潜力客户,公开数据未提供,card
ANON-0000-0000-0856,2024-11-05,1,35.76,138,3,2,2,新客/潜力客户,公开数据未提供,card
ANON-0000-0000-0857,2024-11-05,1,35.76,138,3,2,2,新客/潜力客户,公开数据未提供,card
ANON-0000-0000-0858,2024-11-05,1,35.76,138,3,2,2,新客/潜力客户,公开数据未提供,card
ANON-0000-0000-0859,2024-11-05,2,71.52,138,3,4,4,一般价值客户,公开数据未提供,card
ANON-0000-0000-0860,2024-11-06,1,21.06,137,3,2,1,新客/潜力客户,公开数据未提供,card
ANON-0000-0000-0861,2024-11-06,1,35.76,137,3,2,2,新客/潜力客户,公开数据未提供,card
ANON-0000-0000-0862,2025-01-30,2,61.72,52,4,4,3,一般价值客户,公开数据未提供,card
ANON-0000-0000-0863,2024-11-06,2,71.52,137,3,4,4,一般价值客户,公开数据未提供,card
ANON-0000-0000-0864,2024-11-07,1,35.76,136,3,2,2,新客/潜力客户,公开数据未提供,card
ANON-0000-0000-0865,2024-11-07,1,25.96,136,3,2,1,新客/潜力客户,公开数据未提供,card
ANON-0000-0000-0866,2024-11-07,1,25.96,136,3,2,1,新客/潜力客户,公开数据未提供,card
ANON-0000-0000-0867,2024-11-07,2,71.52,136,3,4,4,一般价值客户,公开数据未提供,card
ANON-0000-0000-0868,2024-11-08,2,71.52,135,3,4,4,一般价值客户,公开数据未提供,card
ANON-0000-0000-0869,2024-11-08,1,30.86,135,3,2,1,新客/潜力客户,公开数据未提供,card
ANON-0000-0000-0870,2024-11-08,1,30.86,135,3,2,1,新客/潜力客户,公开数据未提供,card
ANON-0000-0000-0871,2024-11-25,4,143.04,118,3,4,4,一般价值客户,公开数据未提供,card
ANON-0000-0000-0872,2024-11-08,2,71.52,135,3,4,4,一般价值客户,公开数据未提供,card
ANON-0000-0000-0873,2024-11-09,1,35.76,134,3,2,2,新客/潜力客户,公开数据未提供,card
ANON-0000-0000-0874,2024-11-09,2,71.52,134,3,4,4,一般价值客户,公开数据未提供,card
ANON-0000-0000-0875,2024-11-09,1,25.96,134,3,2,1,新客/潜力客户,公开数据未提供,card
ANON-0000-0000-0876,2024-12-13,4,133.24,100,3,4,4,一般价值客户,公开数据未提供,card
ANON-0000-0000-0877,2025-01-17,7,245.42,65,4,4,4,重要价值客户,公开数据未提供,card
ANON-0000-0000-0878,2025-02-24,4,113.64,27,4,4,4,重要价值客户,公开数据未提供,card
ANON-0000-0000-0879,2024-11-09,1,25.96,134,3,2,1,新客/潜力客户,公开数据未提供,card
ANON-0000-0000-0880,2024-11-10,1,25.96,133,3,2,1,新客/潜力客户,公开数据未提供,card
ANON-0000-0000-0881,2024-11-10,1,35.76,133,3,2,2,新客/潜力客户,公开数据未提供,card
ANON-0000-0000-0882,2024-11-10,1,35.76,133,3,2,2,新客/潜力客户,公开数据未提供,card
ANON-0000-0000-0883,2024-11-10,1,35.76,133,3,2,2,新客/潜力客户,公开数据未提供,card
ANON-0000-0000-0884,2024-11-10,2,71.52,133,3,4,4,一般价值客户,公开数据未提供,card
ANON-0000-0000-0885,2024-11-11,1,35.76,132,3,2,2,新客/潜力客户,公开数据未提供,card
ANON-0000-0000-0886,2025-01-16,5,178.79999999999998,66,4,4,4,重要价值客户,公开数据未提供,card
ANON-0000-0000-0887,2024-11-11,1,35.76,132,3,2,2,新客/潜力客户,公开数据未提供,card
ANON-0000-0000-0888,2024-11-11,2,71.52,132,3,4,4,一般价值客户,公开数据未提供,card
ANON-0000-0000-0889,2024-11-12,1,35.76,131,3,2,2,新客/潜力客户,公开数据未提供,card
ANON-0000-0000-0890,2024-11-12,1,35.76,131,3,2,2,新客/潜力客户,公开数据未提供,card
ANON-0000-0000-0891,2024-11-12,3,107.28,131,3,4,4,一般价值客户,公开数据未提供,card
ANON-0000-0000-0892,2024-11-14,4,143.04,129,3,4,4,一般价值客户,公开数据未提供,card
ANON-0000-0000-0893,2024-11-12,1,35.76,131,3,2,2,新客/潜力客户,公开数据未提供,card
ANON-0000-0000-0894,2024-11-13,1,30.86,130,3,2,1,新客/潜力客户,公开数据未提供,card
ANON-0000-0000-0895,2024-11-13,2,61.72,130,3,4,3,一般价值客户,公开数据未提供,card
ANON-0000-0000-0896,2024-12-16,2,66.62,97,3,4,3,一般价值客户,公开数据未提供,card
ANON-0000-0000-0897,2024-11-14,1,25.96,129,3,2,1,新客/潜力客户,公开数据未提供,card
ANON-0000-0000-0898,2024-11-14,1,21.06,129,3,2,1,新客/潜力客户,公开数据未提供,card
ANON-0000-0000-0899,2024-11-14,1,35.76,129,3,2,2,新客/潜力客户,公开数据未提供,card
ANON-0000-0000-0900,2024-11-14,2,71.52,129,3,4,4,一般价值客户,公开数据未提供,card
ANON-0000-0000-0901,2024-11-14,1,35.76,129,3,2,2,新客/潜力客户,公开数据未提供,card
ANON-0000-0000-0902,2024-11-15,1,30.86,128,3,2,1,新客/潜力客户,公开数据未提供,card
ANON-0000-0000-0903,2024-11-26,3,107.28,117,3,4,4,一般价值客户,公开数据未提供,card
ANON-0000-0000-0904,2024-11-15,1,35.76,128,3,2,2,新客/潜力客户,公开数据未提供,card
ANON-0000-0000-0905,2024-11-15,1,25.96,128,3,2,1,新客/潜力客户,公开数据未提供,card
ANON-0000-0000-0906,2025-01-17,11,393.35999999999996,65,4,4,4,重要价值客户,公开数据未提供,card
ANON-0000-0000-0907,2024-12-17,2,71.52,96,3,4,4,一般价值客户,公开数据未提供,card
ANON-0000-0000-0908,2024-11-16,1,25.96,127,3,2,1,新客/潜力客户,公开数据未提供,card
ANON-0000-0000-0909,2024-11-16,1,35.76,127,3,2,2,新客/潜力客户,公开数据未提供,card
ANON-0000-0000-0910,2024-11-16,1,35.76,127,3,2,2,新客/潜力客户,公开数据未提供,card
ANON-0000-0000-0911,2024-11-16,1,35.76,127,3,2,2,新客/潜力客户,公开数据未提供,card
ANON-0000-0000-0912,2024-11-16,1,30.86,127,3,2,1,新客/潜力客户,公开数据未提供,card
ANON-0000-0000-0913,2024-11-16,2,71.52,127,3,4,4,一般价值客户,公开数据未提供,card
ANON-0000-0000-0914,2024-11-16,2,71.52,127,3,4,4,一般价值客户,公开数据未提供,card
ANON-0000-0000-0915,2024-11-16,1,30.86,127,3,2,1,新客/潜力客户,公开数据未提供,card
ANON-0000-0000-0916,2024-11-17,1,30.86,126,3,2,1,新客/潜力客户,公开数据未提供,card
ANON-0000-0000-0917,2024-11-17,1,30.86,126,3,2,1,新客/潜力客户,公开数据未提供,card
ANON-0000-0000-0918,2024-11-17,1,25.96,126,3,2,1,新客/潜力客户,公开数据未提供,card
ANON-0000-0000-0919,2024-11-17,1,30.86,126,3,2,1,新客/潜力客户,公开数据未提供,card
ANON-0000-0000-0920,2024-12-30,4,138.14,83,4,4,4,重要价值客户,公开数据未提供,card
ANON-0000-0000-0921,2024-11-17,1,35.76,126,3,2,2,新客/潜力客户,公开数据未提供,card
ANON-0000-0000-0922,2024-12-12,4,143.04,101,3,4,4,一般价值客户,公开数据未提供,card
ANON-0000-0000-0923,2024-11-19,3,97.47999999999999,124,3,4,4,一般价值客户,公开数据未提供,card
ANON-0000-0000-0924,2024-11-18,1,35.76,125,3,2,2,新客/潜力客户,公开数据未提供,card
ANON-0000-0000-0925,2024-11-18,1,35.76,125,3,2,2,新客/潜力客户,公开数据未提供,card
ANON-0000-0000-0926,2024-11-19,1,21.06,124,3,2,1,新客/潜力客户,公开数据未提供,card
ANON-0000-0000-0927,2024-11-19,1,35.76,124,3,2,2,新客/潜力客户,公开数据未提供,card
ANON-0000-0000-0928,2024-11-19,1,35.76,124,3,2,2,新客/潜力客户,公开数据未提供,card
ANON-0000-0000-0929,2024-11-19,1,35.76,124,3,2,2,新客/潜力客户,公开数据未提供,card
ANON-0000-0000-0930,2024-11-20,1,30.86,123,3,2,1,新客/潜力客户,公开数据未提供,card
ANON-0000-0000-0931,2024-11-20,2,71.52,123,3,4,4,一般价值客户,公开数据未提供,card
ANON-0000-0000-0932,2024-11-21,1,35.76,122,3,2,2,新客/潜力客户,公开数据未提供,card
ANON-0000-0000-0933,2024-11-21,1,30.86,122,3,2,1,新客/潜力客户,公开数据未提供,card
ANON-0000-0000-0934,2024-11-21,1,25.96,122,3,2,1,新客/潜力客户,公开数据未提供,card
ANON-0000-0000-0935,2024-11-21,1,35.76,122,3,2,2,新客/潜力客户,公开数据未提供,card
ANON-0000-0000-0936,2024-11-22,1,35.76,121,3,2,2,新客/潜力客户,公开数据未提供,card
ANON-0000-0000-0937,2024-11-22,1,35.76,121,3,2,2,新客/潜力客户,公开数据未提供,card
ANON-0000-0000-0938,2024-12-10,4,143.04,103,3,4,4,一般价值客户,公开数据未提供,card
ANON-0000-0000-0939,2024-11-23,2,51.92,120,3,4,3,一般价值客户,公开数据未提供,card
ANON-0000-0000-0940,2024-11-23,1,35.76,120,3,2,2,新客/潜力客户,公开数据未提供,card
ANON-0000-0000-0941,2024-11-25,1,35.76,118,3,2,2,新客/潜力客户,公开数据未提供,card
ANON-0000-0000-0942,2024-11-25,1,35.76,118,3,2,2,新客/潜力客户,公开数据未提供,card
ANON-0000-0000-0943,2024-11-25,1,35.76,118,3,2,2,新客/潜力客户,公开数据未提供,card
ANON-0000-0000-0944,2024-11-25,1,30.86,118,3,2,1,新客/潜力客户,公开数据未提供,card
ANON-0000-0000-0945,2024-11-25,1,35.76,118,3,2,2,新客/潜力客户,公开数据未提供,card
ANON-0000-0000-0946,2024-11-26,1,25.96,117,3,2,1,新客/潜力客户,公开数据未提供,card
ANON-0000-0000-0947,2024-11-26,2,71.52,117,3,4,4,一般价值客户,公开数据未提供,card
ANON-0000-0000-0948,2024-11-26,1,35.76,117,3,2,2,新客/潜力客户,公开数据未提供,card
ANON-0000-0000-0949,2024-11-26,1,35.76,117,3,2,2,新客/潜力客户,公开数据未提供,card
ANON-0000-0000-0950,2024-11-26,2,56.82,117,3,4,3,一般价值客户,公开数据未提供,card
ANON-0000-0000-0951,2024-11-26,1,35.76,117,3,2,2,新客/潜力客户,公开数据未提供,card
ANON-0000-0000-0952,2024-11-28,1,35.76,115,3,2,2,新客/潜力客户,公开数据未提供,card
ANON-0000-0000-0953,2024-11-29,1,30.86,114,3,2,1,新客/潜力客户,公开数据未提供,card
ANON-0000-0000-0954,2024-11-29,1,35.76,114,3,2,2,新客/潜力客户,公开数据未提供,card
ANON-0000-0000-0955,2024-11-29,1,35.76,114,3,2,2,新客/潜力客户,公开数据未提供,card
ANON-0000-0000-0956,2024-11-30,2,61.72,113,3,4,3,一般价值客户,公开数据未提供,card
ANON-0000-0000-0957,2024-11-30,1,30.86,113,3,2,1,新客/潜力客户,公开数据未提供,card
ANON-0000-0000-0958,2024-12-01,1,30.86,112,3,2,1,新客/潜力客户,公开数据未提供,card
ANON-0000-0000-0959,2024-12-01,2,71.52,112,3,4,4,一般价值客户,公开数据未提供,card
ANON-0000-0000-0960,2024-12-01,1,35.76,112,3,2,2,新客/潜力客户,公开数据未提供,card
ANON-0000-0000-0961,2024-12-01,1,35.76,112,3,2,2,新客/潜力客户,公开数据未提供,card
ANON-0000-0000-0962,2024-12-01,1,35.76,112,3,2,2,新客/潜力客户,公开数据未提供,card
ANON-0000-0000-0963,2024-12-01,1,35.76,112,3,2,2,新客/潜力客户,公开数据未提供,card
ANON-0000-0000-0964,2024-12-01,1,35.76,112,3,2,2,新客/潜力客户,公开数据未提供,card
ANON-0000-0000-0965,2024-12-01,2,61.72,112,3,4,3,一般价值客户,公开数据未提供,card
ANON-0000-0000-0966,2024-12-01,1,30.86,112,3,2,1,新客/潜力客户,公开数据未提供,card
ANON-0000-0000-0967,2024-12-02,1,25.96,111,3,2,1,新客/潜力客户,公开数据未提供,card
ANON-0000-0000-0968,2024-12-02,1,35.76,111,3,2,2,新客/潜力客户,公开数据未提供,card
ANON-0000-0000-0969,2024-12-02,1,21.06,111,3,2,1,新客/潜力客户,公开数据未提供,card
ANON-0000-0000-0970,2024-12-02,1,35.76,111,3,2,2,新客/潜力客户,公开数据未提供,card
ANON-0000-0000-0971,2024-12-02,1,25.96,111,3,2,1,新客/潜力客户,公开数据未提供,card
ANON-0000-0000-0972,2024-12-02,1,35.76,111,3,2,2,新客/潜力客户,公开数据未提供,card
ANON-0000-0000-0973,2024-12-03,1,25.96,110,3,2,1,新客/潜力客户,公开数据未提供,card
ANON-0000-0000-0974,2024-12-03,1,30.86,110,3,2,1,新客/潜力客户,公开数据未提供,card
ANON-0000-0000-0975,2024-12-03,1,35.76,110,3,2,2,新客/潜力客户,公开数据未提供,card
ANON-0000-0000-0976,2024-12-08,2,61.72,105,3,4,3,一般价值客户,公开数据未提供,card
ANON-0000-0000-0977,2024-12-04,1,35.76,109,3,2,2,新客/潜力客户,公开数据未提供,card
ANON-0000-0000-0978,2024-12-04,1,35.76,109,3,2,2,新客/潜力客户,公开数据未提供,card
ANON-0000-0000-0979,2024-12-04,1,25.96,109,3,2,1,新客/潜力客户,公开数据未提供,card
ANON-0000-0000-0980,2024-12-04,1,30.86,109,3,2,1,新客/潜力客户,公开数据未提供,card
ANON-0000-0000-0981,2024-12-04,1,30.86,109,3,2,1,新客/潜力客户,公开数据未提供,card
ANON-0000-0000-0982,2024-12-04,1,35.76,109,3,2,2,新客/潜力客户,公开数据未提供,card
ANON-0000-0000-0983,2024-12-05,1,25.96,108,3,2,1,新客/潜力客户,公开数据未提供,card
ANON-0000-0000-0984,2024-12-05,1,25.96,108,3,2,1,新客/潜力客户,公开数据未提供,card
ANON-0000-0000-0985,2024-12-05,1,35.76,108,3,2,2,新客/潜力客户,公开数据未提供,card
ANON-0000-0000-0986,2024-12-07,1,30.86,106,3,2,1,新客/潜力客户,公开数据未提供,card
ANON-0000-0000-0987,2024-12-07,1,25.96,106,3,2,1,新客/潜力客户,公开数据未提供,card
ANON-0000-0000-0988,2024-12-07,1,30.86,106,3,2,1,新客/潜力客户,公开数据未提供,card
ANON-0000-0000-0989,2024-12-07,1,25.96,106,3,2,1,新客/潜力客户,公开数据未提供,card
ANON-0000-0000-0990,2024-12-08,1,25.96,105,3,2,1,新客/潜力客户,公开数据未提供,card
ANON-0000-0000-0991,2024-12-08,2,61.72,105,3,4,3,一般价值客户,公开数据未提供,card
ANON-0000-0000-0992,2024-12-08,1,21.06,105,3,2,1,新客/潜力客户,公开数据未提供,card
ANON-0000-0000-0993,2024-12-08,1,30.86,105,3,2,1,新客/潜力客户,公开数据未提供,card
ANON-0000-0000-0994,2024-12-09,1,35.76,104,3,2,2,新客/潜力客户,公开数据未提供,card
ANON-0000-0000-0995,2024-12-09,1,25.96,104,3,2,1,新客/潜力客户,公开数据未提供,card
ANON-0000-0000-0996,2024-12-09,1,35.76,104,3,2,2,新客/潜力客户,公开数据未提供,card
ANON-0000-0000-0997,2024-12-11,1,35.76,102,3,2,2,新客/潜力客户,公开数据未提供,card
ANON-0000-0000-0998,2024-12-11,1,21.06,102,3,2,1,新客/潜力客户,公开数据未提供,card
ANON-0000-0000-0999,2024-12-11,1,35.76,102,3,2,2,新客/潜力客户,公开数据未提供,card
ANON-0000-0000-1000,2025-01-04,2,71.52,78,4,4,4,重要价值客户,公开数据未提供,card
ANON-0000-0000-1001,2024-12-12,1,30.86,101,3,2,1,新客/潜力客户,公开数据未提供,card
ANON-0000-0000-1002,2024-12-12,1,25.96,101,3,2,1,新客/潜力客户,公开数据未提供,card
ANON-0000-0000-1003,2024-12-30,8,212.57999999999998,83,4,4,4,重要价值客户,公开数据未提供,card
ANON-0000-0000-1004,2024-12-13,1,25.96,100,3,2,1,新客/潜力客户,公开数据未提供,card
ANON-0000-0000-1005,2024-12-13,1,35.76,100,3,2,2,新客/潜力客户,公开数据未提供,card
ANON-0000-0000-1006,2024-12-14,1,30.86,99,3,2,1,新客/潜力客户,公开数据未提供,card
ANON-0000-0000-1007,2024-12-14,1,35.76,99,3,2,2,新客/潜力客户,公开数据未提供,card
ANON-0000-0000-1008,2024-12-14,2,61.72,99,3,4,3,一般价值客户,公开数据未提供,card
ANON-0000-0000-1009,2024-12-14,1,30.86,99,3,2,1,新客/潜力客户,公开数据未提供,card
ANON-0000-0000-1010,2025-01-21,2,71.52,61,4,4,4,重要价值客户,公开数据未提供,card
ANON-0000-0000-1011,2024-12-16,1,30.86,97,3,2,1,新客/潜力客户,公开数据未提供,card
ANON-0000-0000-1012,2024-12-17,1,25.96,96,3,2,1,新客/潜力客户,公开数据未提供,card
ANON-0000-0000-1013,2024-12-17,1,35.76,96,3,2,2,新客/潜力客户,公开数据未提供,card
ANON-0000-0000-1014,2024-12-17,2,61.72,96,3,4,3,一般价值客户,公开数据未提供,card
ANON-0000-0000-1015,2024-12-18,1,35.76,95,4,2,2,新客/潜力客户,公开数据未提供,card
ANON-0000-0000-1016,2024-12-18,3,102.38,95,4,4,4,重要价值客户,公开数据未提供,card
ANON-0000-0000-1017,2024-12-19,1,35.76,94,4,2,2,新客/潜力客户,公开数据未提供,card
ANON-0000-0000-1018,2024-12-19,1,21.06,94,4,2,1,新客/潜力客户,公开数据未提供,card
ANON-0000-0000-1019,2024-12-19,1,35.76,94,4,2,2,新客/潜力客户,公开数据未提供,card
ANON-0000-0000-1020,2024-12-21,3,102.38,92,4,4,4,重要价值客户,公开数据未提供,card
ANON-0000-0000-1021,2024-12-19,2,71.52,94,4,4,4,重要价值客户,公开数据未提供,card
ANON-0000-0000-1022,2024-12-20,1,35.76,93,4,2,2,新客/潜力客户,公开数据未提供,card
ANON-0000-0000-1023,2024-12-20,1,25.96,93,4,2,1,新客/潜力客户,公开数据未提供,card
ANON-0000-0000-1024,2024-12-20,1,35.76,93,4,2,2,新客/潜力客户,公开数据未提供,card
ANON-0000-0000-1025,2024-12-21,2,71.52,92,4,4,4,重要价值客户,公开数据未提供,card
ANON-0000-0000-1026,2024-12-21,1,25.96,92,4,2,1,新客/潜力客户,公开数据未提供,card
ANON-0000-0000-1027,2024-12-21,1,35.76,92,4,2,2,新客/潜力客户,公开数据未提供,card
ANON-0000-0000-1028,2024-12-21,1,35.76,92,4,2,2,新客/潜力客户,公开数据未提供,card
ANON-0000-0000-1029,2025-01-14,15,389.40000000000003,68,4,4,4,重要价值客户,公开数据未提供,card
ANON-0000-0000-1030,2024-12-21,2,56.82,92,4,4,3,一般价值客户,公开数据未提供,card
ANON-0000-0000-1031,2024-12-21,1,35.76,92,4,2,2,新客/潜力客户,公开数据未提供,card
ANON-0000-0000-1032,2024-12-22,2,71.52,91,4,4,4,重要价值客户,公开数据未提供,card
ANON-0000-0000-1033,2024-12-22,1,35.76,91,4,2,2,新客/潜力客户,公开数据未提供,card
ANON-0000-0000-1034,2025-01-24,11,329.65999999999997,58,4,4,4,重要价值客户,公开数据未提供,card
ANON-0000-0000-1035,2024-12-23,1,35.76,90,4,2,2,新客/潜力客户,公开数据未提供,card
ANON-0000-0000-1036,2024-12-23,1,30.86,90,4,2,1,新客/潜力客户,公开数据未提供,card
ANON-0000-0000-1037,2024-12-23,2,61.72,90,4,4,3,一般价值客户,公开数据未提供,card
ANON-0000-0000-1038,2024-12-24,1,30.86,89,4,2,1,新客/潜力客户,公开数据未提供,card
ANON-0000-0000-1039,2024-12-24,3,92.58,89,4,4,4,重要价值客户,公开数据未提供,card
ANON-0000-0000-1040,2024-12-24,1,35.76,89,4,2,2,新客/潜力客户,公开数据未提供,card
ANON-0000-0000-1041,2024-12-25,2,71.52,88,4,4,4,重要价值客户,公开数据未提供,card
ANON-0000-0000-1042,2024-12-25,2,56.82,88,4,4,3,一般价值客户,公开数据未提供,card
ANON-0000-0000-1043,2024-12-25,1,30.86,88,4,2,1,新客/潜力客户,公开数据未提供,card
ANON-0000-0000-1044,2024-12-25,1,25.96,88,4,2,1,新客/潜力客户,公开数据未提供,card
ANON-0000-0000-1045,2025-01-24,6,214.56,58,4,4,4,重要价值客户,公开数据未提供,card
ANON-0000-0000-1046,2024-12-25,1,35.76,88,4,2,2,新客/潜力客户,公开数据未提供,card
ANON-0000-0000-1047,2024-12-26,1,35.76,87,4,2,2,新客/潜力客户,公开数据未提供,card
ANON-0000-0000-1048,2024-12-26,1,21.06,87,4,2,1,新客/潜力客户,公开数据未提供,card
ANON-0000-0000-1049,2024-12-27,1,25.96,86,4,2,1,新客/潜力客户,公开数据未提供,card
ANON-0000-0000-1050,2024-12-27,1,35.76,86,4,2,2,新客/潜力客户,公开数据未提供,card
ANON-0000-0000-1051,2025-01-22,4,123.44,60,4,4,4,重要价值客户,公开数据未提供,card
ANON-0000-0000-1052,2024-12-28,1,35.76,85,4,2,2,新客/潜力客户,公开数据未提供,card
ANON-0000-0000-1053,2024-12-28,1,35.76,85,4,2,2,新客/潜力客户,公开数据未提供,card
ANON-0000-0000-1054,2024-12-28,1,35.76,85,4,2,2,新客/潜力客户,公开数据未提供,card
ANON-0000-0000-1055,2024-12-29,2,47.019999999999996,84,4,4,3,一般价值客户,公开数据未提供,card
ANON-0000-0000-1056,2024-12-29,1,25.96,84,4,2,1,新客/潜力客户,公开数据未提供,card
ANON-0000-0000-1057,2024-12-29,1,21.06,84,4,2,1,新客/潜力客户,公开数据未提供,card
ANON-0000-0000-1058,2024-12-29,1,35.76,84,4,2,2,新客/潜力客户,公开数据未提供,card
ANON-0000-0000-1059,2024-12-30,2,71.52,83,4,4,4,重要价值客户,公开数据未提供,card
ANON-0000-0000-1060,2024-12-30,1,25.96,83,4,2,1,新客/潜力客户,公开数据未提供,card
ANON-0000-0000-1061,2024-12-31,1,35.76,82,4,2,2,新客/潜力客户,公开数据未提供,card
ANON-0000-0000-1062,2024-12-31,2,61.72,82,4,4,3,一般价值客户,公开数据未提供,card
ANON-0000-0000-1063,2024-12-31,1,35.76,82,4,2,2,新客/潜力客户,公开数据未提供,card
ANON-0000-0000-1064,2024-12-31,1,30.86,82,4,2,1,新客/潜力客户,公开数据未提供,card
ANON-0000-0000-1065,2024-12-31,1,35.76,82,4,2,2,新客/潜力客户,公开数据未提供,card
ANON-0000-0000-1066,2024-12-31,2,71.52,82,4,4,4,重要价值客户,公开数据未提供,card
ANON-0000-0000-1067,2025-01-02,2,71.52,80,4,4,4,重要价值客户,公开数据未提供,card
ANON-0000-0000-1068,2025-01-02,2,51.92,80,4,4,3,一般价值客户,公开数据未提供,card
ANON-0000-0000-1069,2025-02-01,4,118.53999999999999,50,4,4,4,重要价值客户,公开数据未提供,card
ANON-0000-0000-1070,2025-01-03,1,30.86,79,4,2,1,新客/潜力客户,公开数据未提供,card
ANON-0000-0000-1071,2025-01-03,1,25.96,79,4,2,1,新客/潜力客户,公开数据未提供,card
ANON-0000-0000-1072,2025-01-03,1,25.96,79,4,2,1,新客/潜力客户,公开数据未提供,card
ANON-0000-0000-1073,2025-01-04,1,25.96,78,4,2,1,新客/潜力客户,公开数据未提供,card
ANON-0000-0000-1074,2025-01-04,1,35.76,78,4,2,2,新客/潜力客户,公开数据未提供,card
ANON-0000-0000-1075,2025-01-04,1,25.96,78,4,2,1,新客/潜力客户,公开数据未提供,card
ANON-0000-0000-1076,2025-01-05,1,30.86,77,4,2,1,新客/潜力客户,公开数据未提供,card
ANON-0000-0000-1077,2025-01-05,1,35.76,77,4,2,2,新客/潜力客户,公开数据未提供,card
ANON-0000-0000-1078,2025-01-05,1,30.86,77,4,2,1,新客/潜力客户,公开数据未提供,card
ANON-0000-0000-1079,2025-01-06,1,25.96,76,4,2,1,新客/潜力客户,公开数据未提供,card
ANON-0000-0000-1080,2025-01-07,1,35.76,75,4,2,2,新客/潜力客户,公开数据未提供,card
ANON-0000-0000-1081,2025-01-07,2,71.52,75,4,4,4,重要价值客户,公开数据未提供,card
ANON-0000-0000-1082,2025-01-21,3,92.58,61,4,4,4,重要价值客户,公开数据未提供,card
ANON-0000-0000-1083,2025-01-08,1,35.76,74,4,2,2,新客/潜力客户,公开数据未提供,card
ANON-0000-0000-1084,2025-01-09,1,25.96,73,4,2,1,新客/潜力客户,公开数据未提供,card
ANON-0000-0000-1085,2025-01-09,1,35.76,73,4,2,2,新客/潜力客户,公开数据未提供,card
ANON-0000-0000-1086,2025-01-10,1,35.76,72,4,2,2,新客/潜力客户,公开数据未提供,card
ANON-0000-0000-1087,2025-01-11,1,35.76,71,4,2,2,新客/潜力客户,公开数据未提供,card
ANON-0000-0000-1088,2025-01-11,1,25.96,71,4,2,1,新客/潜力客户,公开数据未提供,card
ANON-0000-0000-1089,2025-01-11,4,143.04,71,4,4,4,重要价值客户,公开数据未提供,card
ANON-0000-0000-1090,2025-01-11,1,30.86,71,4,2,1,新客/潜力客户,公开数据未提供,card
ANON-0000-0000-1091,2025-01-11,2,66.62,71,4,4,3,一般价值客户,公开数据未提供,card
ANON-0000-0000-1092,2025-01-11,1,35.76,71,4,2,2,新客/潜力客户,公开数据未提供,card
ANON-0000-0000-1093,2025-01-11,2,51.92,71,4,4,3,一般价值客户,公开数据未提供,card
ANON-0000-0000-1094,2025-01-11,1,35.76,71,4,2,2,新客/潜力客户,公开数据未提供,card
ANON-0000-0000-1095,2025-01-11,1,30.86,71,4,2,1,新客/潜力客户,公开数据未提供,card
ANON-0000-0000-1096,2025-01-12,1,35.76,70,4,2,2,新客/潜力客户,公开数据未提供,card
ANON-0000-0000-1097,2025-01-16,4,138.14,66,4,4,4,重要价值客户,公开数据未提供,card
ANON-0000-0000-1098,2025-01-13,2,71.52,69,4,4,4,重要价值客户,公开数据未提供,card
ANON-0000-0000-1099,2025-01-13,1,35.76,69,4,2,2,新客/潜力客户,公开数据未提供,card
ANON-0000-0000-1100,2025-01-14,1,35.76,68,4,2,2,新客/潜力客户,公开数据未提供,card
ANON-0000-0000-1101,2025-01-14,2,61.72,68,4,4,3,一般价值客户,公开数据未提供,card
ANON-0000-0000-1102,2025-01-15,1,25.96,67,4,2,1,新客/潜力客户,公开数据未提供,card
ANON-0000-0000-1103,2025-01-15,1,35.76,67,4,2,2,新客/潜力客户,公开数据未提供,card
ANON-0000-0000-1104,2025-01-15,1,35.76,67,4,2,2,新客/潜力客户,公开数据未提供,card
ANON-0000-0000-1105,2025-01-15,1,35.76,67,4,2,2,新客/潜力客户,公开数据未提供,card
ANON-0000-0000-1106,2025-01-16,1,35.76,66,4,2,2,新客/潜力客户,公开数据未提供,card
ANON-0000-0000-1107,2025-01-16,1,25.96,66,4,2,1,新客/潜力客户,公开数据未提供,card
ANON-0000-0000-1108,2025-01-17,1,35.76,65,4,2,2,新客/潜力客户,公开数据未提供,card
ANON-0000-0000-1109,2025-01-17,2,71.52,65,4,4,4,重要价值客户,公开数据未提供,card
ANON-0000-0000-1110,2025-03-21,33,886.08,2,4,4,4,重要价值客户,公开数据未提供,card
ANON-0000-0000-1111,2025-01-20,2,51.92,62,4,4,3,一般价值客户,公开数据未提供,card
ANON-0000-0000-1112,2025-01-20,1,30.86,62,4,2,1,新客/潜力客户,公开数据未提供,card
ANON-0000-0000-1113,2025-01-20,1,35.76,62,4,2,2,新客/潜力客户,公开数据未提供,card
ANON-0000-0000-1114,2025-02-01,4,143.04,50,4,4,4,重要价值客户,公开数据未提供,card
ANON-0000-0000-1115,2025-01-20,1,35.76,62,4,2,2,新客/潜力客户,公开数据未提供,card
ANON-0000-0000-1116,2025-01-21,1,25.96,61,4,2,1,新客/潜力客户,公开数据未提供,card
ANON-0000-0000-1117,2025-01-21,1,35.76,61,4,2,2,新客/潜力客户,公开数据未提供,card
ANON-0000-0000-1118,2025-01-22,1,21.06,60,4,2,1,新客/潜力客户,公开数据未提供,card
ANON-0000-0000-1119,2025-01-22,1,35.76,60,4,2,2,新客/潜力客户,公开数据未提供,card
ANON-0000-0000-1120,2025-01-22,1,35.76,60,4,2,2,新客/潜力客户,公开数据未提供,card
ANON-0000-0000-1121,2025-01-22,1,30.86,60,4,2,1,新客/潜力客户,公开数据未提供,card
ANON-0000-0000-1122,2025-01-24,1,35.76,58,4,2,2,新客/潜力客户,公开数据未提供,card
ANON-0000-0000-1123,2025-01-24,1,25.96,58,4,2,1,新客/潜力客户,公开数据未提供,card
ANON-0000-0000-1124,2025-01-24,2,71.52,58,4,4,4,重要价值客户,公开数据未提供,card
ANON-0000-0000-1125,2025-01-25,1,35.76,57,4,2,2,新客/潜力客户,公开数据未提供,card
ANON-0000-0000-1126,2025-01-25,1,25.96,57,4,2,1,新客/潜力客户,公开数据未提供,card
ANON-0000-0000-1127,2025-01-26,2,47.019999999999996,56,4,4,3,一般价值客户,公开数据未提供,card
ANON-0000-0000-1128,2025-01-27,1,35.76,55,4,2,2,新客/潜力客户,公开数据未提供,card
ANON-0000-0000-1129,2025-01-27,1,35.76,55,4,2,2,新客/潜力客户,公开数据未提供,card
ANON-0000-0000-1130,2025-01-27,1,35.76,55,4,2,2,新客/潜力客户,公开数据未提供,card
ANON-0000-0000-1131,2025-01-27,1,35.76,55,4,2,2,新客/潜力客户,公开数据未提供,card
ANON-0000-0000-1132,2025-02-02,3,97.47999999999999,49,4,4,4,重要价值客户,公开数据未提供,card
ANON-0000-0000-1133,2025-01-31,2,61.72,51,4,4,3,一般价值客户,公开数据未提供,card
ANON-0000-0000-1134,2025-01-28,2,61.72,54,4,4,3,一般价值客户,公开数据未提供,card
ANON-0000-0000-1135,2025-01-28,1,25.96,54,4,2,1,新客/潜力客户,公开数据未提供,card
ANON-0000-0000-1136,2025-01-28,1,35.76,54,4,2,2,新客/潜力客户,公开数据未提供,card
ANON-0000-0000-1137,2025-01-28,1,35.76,54,4,2,2,新客/潜力客户,公开数据未提供,card
ANON-0000-0000-1138,2025-01-29,1,25.96,53,4,2,1,新客/潜力客户,公开数据未提供,card
ANON-0000-0000-1139,2025-01-29,2,51.92,53,4,4,3,一般价值客户,公开数据未提供,card
ANON-0000-0000-1140,2025-01-30,1,35.76,52,4,2,2,新客/潜力客户,公开数据未提供,card
ANON-0000-0000-1141,2025-01-30,1,25.96,52,4,2,1,新客/潜力客户,公开数据未提供,card
ANON-0000-0000-1142,2025-01-30,1,30.86,52,4,2,1,新客/潜力客户,公开数据未提供,card
ANON-0000-0000-1143,2025-01-30,1,35.76,52,4,2,2,新客/潜力客户,公开数据未提供,card
ANON-0000-0000-1144,2025-01-30,1,25.96,52,4,2,1,新客/潜力客户,公开数据未提供,card
ANON-0000-0000-1145,2025-01-31,1,35.76,51,4,2,2,新客/潜力客户,公开数据未提供,card
ANON-0000-0000-1146,2025-01-31,1,35.76,51,4,2,2,新客/潜力客户,公开数据未提供,card
ANON-0000-0000-1147,2025-01-31,1,30.86,51,4,2,1,新客/潜力客户,公开数据未提供,card
ANON-0000-0000-1148,2025-01-31,1,25.96,51,4,2,1,新客/潜力客户,公开数据未提供,card
ANON-0000-0000-1149,2025-02-01,2,71.52,50,4,4,4,重要价值客户,公开数据未提供,card
ANON-0000-0000-1150,2025-02-02,1,35.76,49,4,2,2,新客/潜力客户,公开数据未提供,card
ANON-0000-0000-1151,2025-02-02,1,35.76,49,4,2,2,新客/潜力客户,公开数据未提供,card
ANON-0000-0000-1152,2025-03-22,23,665.68,1,4,4,4,重要价值客户,公开数据未提供,card
ANON-0000-0000-1153,2025-03-17,11,344.36,6,4,4,4,重要价值客户,公开数据未提供,card
ANON-0000-0000-1154,2025-02-03,1,25.96,48,4,2,1,新客/潜力客户,公开数据未提供,card
ANON-0000-0000-1155,2025-03-07,3,107.28,16,4,4,4,重要价值客户,公开数据未提供,card
ANON-0000-0000-1156,2025-02-28,10,338.0,23,4,4,4,重要价值客户,公开数据未提供,card
ANON-0000-0000-1157,2025-03-11,10,313.5,12,4,4,4,重要价值客户,公开数据未提供,card
ANON-0000-0000-1158,2025-03-23,20,715.1999999999999,0,4,4,4,重要价值客户,公开数据未提供,card
ANON-0000-0000-1159,2025-02-03,1,25.96,48,4,3,1,一般价值客户,公开数据未提供,card
ANON-0000-0000-1160,2025-02-17,11,314.96,34,4,4,4,重要价值客户,公开数据未提供,card
ANON-0000-0000-1161,2025-03-20,20,690.6999999999999,3,4,4,4,重要价值客户,公开数据未提供,card
ANON-0000-0000-1162,2025-03-08,8,251.78,15,4,4,4,重要价值客户,公开数据未提供,card
ANON-0000-0000-1163,2025-03-21,77,2278.22,2,4,4,4,重要价值客户,公开数据未提供,card
ANON-0000-0000-1164,2025-03-07,9,321.84,16,4,4,4,重要价值客户,公开数据未提供,card
ANON-0000-0000-1165,2025-03-21,20,715.1999999999999,2,4,4,4,重要价值客户,公开数据未提供,card
ANON-0000-0000-1166,2025-03-18,5,154.3,5,4,4,4,重要价值客户,公开数据未提供,card
ANON-0000-0000-1167,2025-03-19,18,467.28000000000003,4,4,4,4,重要价值客户,公开数据未提供,card
ANON-0000-0000-1168,2025-03-18,8,286.08,5,4,4,4,重要价值客户,公开数据未提供,card
ANON-0000-0000-1169,2025-02-20,4,123.44,31,4,4,4,重要价值客户,公开数据未提供,card
ANON-0000-0000-1170,2025-03-21,32,850.32,2,4,4,4,重要价值客户,公开数据未提供,card
ANON-0000-0000-1171,2025-03-11,7,171.92000000000002,12,4,4,4,重要价值客户,公开数据未提供,card
ANON-0000-0000-1172,2025-02-04,1,35.76,47,4,3,2,一般价值客户,公开数据未提供,card
ANON-0000-0000-1173,2025-02-04,2,71.52,47,4,4,4,重要价值客户,公开数据未提供,card
ANON-0000-0000-1174,2025-03-04,2,61.72,19,4,4,3,一般价值客户,公开数据未提供,card
ANON-0000-0000-1175,2025-02-05,1,25.96,46,4,3,1,一般价值客户,公开数据未提供,card
ANON-0000-0000-1176,2025-03-04,3,77.88,19,4,4,4,重要价值客户,公开数据未提供,card
ANON-0000-0000-1177,2025-02-24,2,71.52,27,4,4,4,重要价值客户,公开数据未提供,card
ANON-0000-0000-1178,2025-03-03,9,316.94,20,4,4,4,重要价值客户,公开数据未提供,card
ANON-0000-0000-1179,2025-03-03,12,424.21999999999997,20,4,4,4,重要价值客户,公开数据未提供,card
ANON-0000-0000-1180,2025-02-05,1,35.76,46,4,3,2,一般价值客户,公开数据未提供,card
ANON-0000-0000-1181,2025-02-05,1,35.76,46,4,3,2,一般价值客户,公开数据未提供,card
ANON-0000-0000-1182,2025-02-19,2,71.52,32,4,4,4,重要价值客户,公开数据未提供,card
ANON-0000-0000-1183,2025-02-06,1,35.76,45,4,3,2,一般价值客户,公开数据未提供,card
ANON-0000-0000-1184,2025-03-11,13,450.17999999999995,12,4,4,4,重要价值客户,公开数据未提供,card
ANON-0000-0000-1185,2025-03-11,3,107.28,12,4,4,4,重要价值客户,公开数据未提供,card
ANON-0000-0000-1186,2025-02-06,1,35.76,45,4,3,2,一般价值客户,公开数据未提供,card
ANON-0000-0000-1187,2025-03-04,2,61.72,19,4,4,3,一般价值客户,公开数据未提供,card
ANON-0000-0000-1188,2025-02-12,2,51.92,39,4,4,3,一般价值客户,公开数据未提供,card
ANON-0000-0000-1189,2025-03-07,7,250.32,16,4,4,4,重要价值客户,公开数据未提供,card
ANON-0000-0000-1190,2025-03-08,9,233.64000000000001,15,4,4,4,重要价值客户,公开数据未提供,card
ANON-0000-0000-1191,2025-03-21,27,965.52,2,4,4,4,重要价值客户,公开数据未提供,card
ANON-0000-0000-1192,2025-02-17,3,97.47999999999999,34,4,4,4,重要价值客户,公开数据未提供,card
ANON-0000-0000-1193,2025-02-07,1,35.76,44,4,3,2,一般价值客户,公开数据未提供,card
ANON-0000-0000-1194,2025-03-13,4,113.64,10,4,4,4,重要价值客户,公开数据未提供,card
ANON-0000-0000-1195,2025-02-08,1,25.96,43,4,3,1,一般价值客户,公开数据未提供,card
ANON-0000-0000-1196,2025-03-23,6,214.56,0,4,4,4,重要价值客户,公开数据未提供,card
ANON-0000-0000-1197,2025-02-10,1,30.86,41,4,3,1,一般价值客户,公开数据未提供,card
ANON-0000-0000-1198,2025-03-06,15,394.3,17,4,4,4,重要价值客户,公开数据未提供,card
ANON-0000-0000-1199,2025-03-12,2,71.52,11,4,4,4,重要价值客户,公开数据未提供,card
ANON-0000-0000-1200,2025-02-17,7,245.42,34,4,4,4,重要价值客户,公开数据未提供,card
ANON-0000-0000-1201,2025-02-15,2,71.52,36,4,4,4,重要价值客户,公开数据未提供,card
ANON-0000-0000-1202,2025-02-17,3,63.17999999999999,34,4,4,3,一般价值客户,公开数据未提供,card
ANON-0000-0000-1203,2025-03-18,11,305.16,5,4,4,4,重要价值客户,公开数据未提供,card
ANON-0000-0000-1204,2025-02-11,2,71.52,40,4,4,4,重要价值客户,公开数据未提供,card
ANON-0000-0000-1205,2025-02-12,1,25.96,39,4,3,1,一般价值客户,公开数据未提供,card
ANON-0000-0000-1206,2025-02-17,2,51.92,34,4,4,3,一般价值客户,公开数据未提供,card
ANON-0000-0000-1207,2025-03-14,7,176.82,9,4,4,4,重要价值客户,公开数据未提供,card
ANON-0000-0000-1208,2025-02-27,2,71.52,24,4,4,4,重要价值客户,公开数据未提供,card
ANON-0000-0000-1209,2025-03-11,2,71.52,12,4,4,4,重要价值客户,公开数据未提供,card
ANON-0000-0000-1210,2025-03-11,7,250.32,12,4,4,4,重要价值客户,公开数据未提供,card
ANON-0000-0000-1211,2025-02-14,1,30.86,37,4,3,1,一般价值客户,公开数据未提供,card
ANON-0000-0000-1212,2025-03-10,4,143.04,13,4,4,4,重要价值客户,公开数据未提供,card
ANON-0000-0000-1213,2025-02-14,1,30.86,37,4,3,1,一般价值客户,公开数据未提供,card
ANON-0000-0000-1214,2025-03-14,2,51.92,9,4,4,3,一般价值客户,公开数据未提供,card
ANON-0000-0000-1215,2025-03-18,6,185.16,5,4,4,4,重要价值客户,公开数据未提供,card
ANON-0000-0000-1216,2025-03-06,2,56.82,17,4,4,3,一般价值客户,公开数据未提供,card
ANON-0000-0000-1217,2025-03-15,5,154.3,8,4,4,4,重要价值客户,公开数据未提供,card
ANON-0000-0000-1218,2025-02-18,3,82.78,33,4,4,4,重要价值客户,公开数据未提供,card
ANON-0000-0000-1219,2025-03-19,2,61.72,4,4,4,3,一般价值客户,公开数据未提供,card
ANON-0000-0000-1220,2025-02-24,3,102.38,27,4,4,4,重要价值客户,公开数据未提供,card
ANON-0000-0000-1221,2025-02-17,1,35.76,34,4,3,2,一般价值客户,公开数据未提供,card
ANON-0000-0000-1222,2025-03-19,7,216.01999999999998,4,4,4,4,重要价值客户,公开数据未提供,card
ANON-0000-0000-1223,2025-02-17,2,51.92,34,4,4,3,一般价值客户,公开数据未提供,card
ANON-0000-0000-1224,2025-02-18,1,35.76,33,4,3,2,一般价值客户,公开数据未提供,card
ANON-0000-0000-1225,2025-02-18,4,123.44,33,4,4,4,重要价值客户,公开数据未提供,card
ANON-0000-0000-1226,2025-02-18,1,35.76,33,4,3,2,一般价值客户,公开数据未提供,card
ANON-0000-0000-1227,2025-03-19,3,107.28,4,4,4,4,重要价值客户,公开数据未提供,card
ANON-0000-0000-1228,2025-02-19,1,35.76,32,4,3,2,一般价值客户,公开数据未提供,card
ANON-0000-0000-1229,2025-02-19,1,35.76,32,4,3,2,一般价值客户,公开数据未提供,card
ANON-0000-0000-1230,2025-02-20,1,21.06,31,4,3,1,一般价值客户,公开数据未提供,card
ANON-0000-0000-1231,2025-02-20,2,71.52,31,4,4,4,重要价值客户,公开数据未提供,card
ANON-0000-0000-1232,2025-02-21,2,51.92,30,4,4,3,一般价值客户,公开数据未提供,card
ANON-0000-0000-1233,2025-03-20,2,71.52,3,4,4,4,重要价值客户,公开数据未提供,card
ANON-0000-0000-1234,2025-03-04,3,107.28,19,4,4,4,重要价值客户,公开数据未提供,card
ANON-0000-0000-1235,2025-02-21,1,35.76,30,4,3,2,一般价值客户,公开数据未提供,card
ANON-0000-0000-1236,2025-02-21,1,35.76,30,4,3,2,一般价值客户,公开数据未提供,card
ANON-0000-0000-1237,2025-02-27,3,63.17999999999999,24,4,4,3,一般价值客户,公开数据未提供,card
ANON-0000-0000-1238,2025-02-21,1,25.96,30,4,3,1,一般价值客户,公开数据未提供,card
ANON-0000-0000-1239,2025-02-21,1,35.76,30,4,3,2,一般价值客户,公开数据未提供,card
ANON-0000-0000-1240,2025-02-22,1,35.76,29,4,3,2,一般价值客户,公开数据未提供,card
ANON-0000-0000-1241,2025-02-22,1,25.96,29,4,3,1,一般价值客户,公开数据未提供,card
ANON-0000-0000-1242,2025-02-23,1,35.76,28,4,3,2,一般价值客户,公开数据未提供,card
ANON-0000-0000-1243,2025-02-23,1,25.96,28,4,3,1,一般价值客户,公开数据未提供,card
ANON-0000-0000-1244,2025-03-03,4,143.04,20,4,4,4,重要价值客户,公开数据未提供,card
ANON-0000-0000-1245,2025-02-24,2,61.72,27,4,4,3,一般价值客户,公开数据未提供,card
ANON-0000-0000-1246,2025-03-04,2,71.52,19,4,4,4,重要价值客户,公开数据未提供,card
ANON-0000-0000-1247,2025-02-26,2,61.72,25,4,4,3,一般价值客户,公开数据未提供,card
ANON-0000-0000-1248,2025-03-05,3,92.58,18,4,4,4,重要价值客户,公开数据未提供,card
ANON-0000-0000-1249,2025-02-26,1,25.96,25,4,3,1,一般价值客户,公开数据未提供,card
ANON-0000-0000-1250,2025-02-26,2,61.72,25,4,4,3,一般价值客户,公开数据未提供,card
ANON-0000-0000-1251,2025-02-27,1,35.76,24,4,3,2,一般价值客户,公开数据未提供,card
ANON-0000-0000-1252,2025-02-27,1,30.86,24,4,3,1,一般价值客户,公开数据未提供,card
ANON-0000-0000-1253,2025-02-27,1,35.76,24,4,3,2,一般价值客户,公开数据未提供,card
ANON-0000-0000-1254,2025-03-01,2,71.52,22,4,4,4,重要价值客户,公开数据未提供,card
ANON-0000-0000-1255,2025-02-28,1,21.06,23,4,3,1,一般价值客户,公开数据未提供,card
ANON-0000-0000-1256,2025-03-03,2,61.72,20,4,4,3,一般价值客户,公开数据未提供,card
ANON-0000-0000-1257,2025-03-10,4,143.04,13,4,4,4,重要价值客户,公开数据未提供,card
ANON-0000-0000-1258,2025-03-01,1,25.96,22,4,3,1,一般价值客户,公开数据未提供,card
ANON-0000-0000-1259,2025-03-22,3,107.28,1,4,4,4,重要价值客户,公开数据未提供,card
ANON-0000-0000-1260,2025-03-07,2,51.92,16,4,4,3,一般价值客户,公开数据未提供,card
ANON-0000-0000-1261,2025-03-05,1,35.76,18,4,3,2,一般价值客户,公开数据未提供,card
ANON-0000-0000-1262,2025-03-07,2,71.52,16,4,4,4,重要价值客户,公开数据未提供,card
ANON-0000-0000-1263,2025-03-05,1,21.06,18,4,3,1,一般价值客户,公开数据未提供,card
ANON-0000-0000-1264,2025-03-12,2,71.52,11,4,4,4,重要价值客户,公开数据未提供,card
ANON-0000-0000-1265,2025-03-06,1,35.76,17,4,3,2,一般价值客户,公开数据未提供,card
ANON-0000-0000-1266,2025-03-07,2,61.72,16,4,4,3,一般价值客户,公开数据未提供,card
ANON-0000-0000-1267,2025-03-22,2,61.72,1,4,4,3,一般价值客户,公开数据未提供,card
ANON-0000-0000-1268,2025-03-09,1,21.06,14,4,3,1,一般价值客户,公开数据未提供,card
ANON-0000-0000-1269,2025-03-09,1,30.86,14,4,3,1,一般价值客户,公开数据未提供,card
ANON-0000-0000-1270,2025-03-09,1,35.76,14,4,3,2,一般价值客户,公开数据未提供,card
ANON-0000-0000-1271,2025-03-14,3,87.68,9,4,4,4,重要价值客户,公开数据未提供,card
ANON-0000-0000-1272,2025-03-10,1,35.76,13,4,3,2,一般价值客户,公开数据未提供,card
ANON-0000-0000-1273,2025-03-10,1,35.76,13,4,3,2,一般价值客户,公开数据未提供,card
ANON-0000-0000-1274,2025-03-22,5,164.1,1,4,4,4,重要价值客户,公开数据未提供,card
ANON-0000-0000-1275,2025-03-23,4,143.04,0,4,4,4,重要价值客户,公开数据未提供,card
ANON-0000-0000-1276,2025-03-20,8,276.28,3,4,4,4,重要价值客户,公开数据未提供,card
ANON-0000-0000-1277,2025-03-12,1,35.76,11,4,3,2,一般价值客户,公开数据未提供,card
ANON-0000-0000-1278,2025-03-12,1,25.96,11,4,3,1,一般价值客户,公开数据未提供,card
ANON-0000-0000-1279,2025-03-22,2,71.52,1,4,4,4,重要价值客户,公开数据未提供,card
ANON-0000-0000-1280,2025-03-12,1,35.76,11,4,3,2,一般价值客户,公开数据未提供,card
ANON-0000-0000-1281,2025-03-12,1,35.76,11,4,3,2,一般价值客户,公开数据未提供,card
ANON-0000-0000-1282,2025-03-12,1,25.96,11,4,3,1,一般价值客户,公开数据未提供,card
ANON-0000-0000-1283,2025-03-13,1,25.96,10,4,3,1,一般价值客户,公开数据未提供,card
ANON-0000-0000-1284,2025-03-13,1,30.86,10,4,3,1,一般价值客户,公开数据未提供,card
ANON-0000-0000-1285,2025-03-13,1,30.86,10,4,3,1,一般价值客户,公开数据未提供,card
ANON-0000-0000-1286,2025-03-14,1,30.86,9,4,3,1,一般价值客户,公开数据未提供,card
ANON-0000-0000-1287,2025-03-14,1,35.76,9,4,3,3,一般价值客户,公开数据未提供,card
ANON-0000-0000-1288,2025-03-14,2,71.52,9,4,4,4,重要价值客户,公开数据未提供,card
ANON-0000-0000-1289,2025-03-14,2,71.52,9,4,4,4,重要价值客户,公开数据未提供,card
ANON-0000-0000-1290,2025-03-20,3,72.98,3,4,4,4,重要价值客户,公开数据未提供,card
ANON-0000-0000-1291,2025-03-14,1,25.96,9,4,3,1,一般价值客户,公开数据未提供,card
ANON-0000-0000-1292,2025-03-15,1,35.76,8,4,3,3,一般价值客户,公开数据未提供,card
ANON-0000-0000-1293,2025-03-20,3,92.58,3,4,4,4,重要价值客户,公开数据未提供,card
ANON-0000-0000-1294,2025-03-16,2,71.52,7,4,4,4,重要价值客户,公开数据未提供,card
ANON-0000-0000-1295,2025-03-19,2,71.52,4,4,4,4,重要价值客户,公开数据未提供,card
ANON-0000-0000-1296,2025-03-18,1,30.86,5,4,3,1,一般价值客户,公开数据未提供,card
ANON-0000-0000-1297,2025-03-18,2,71.52,5,4,4,4,重要价值客户,公开数据未提供,card
ANON-0000-0000-1298,2025-03-20,2,71.52,3,4,4,4,重要价值客户,公开数据未提供,card
ANON-0000-0000-1299,2025-03-19,1,25.96,4,4,3,1,一般价值客户,公开数据未提供,card
ANON-0000-0000-1300,2025-03-19,1,35.76,4,4,3,3,一般价值客户,公开数据未提供,card
ANON-0000-0000-1301,2025-03-19,1,25.96,4,4,3,1,一般价值客户,公开数据未提供,card
ANON-0000-0000-1302,2025-03-22,2,42.12,1,4,4,3,一般价值客户,公开数据未提供,card
ANON-0000-0000-1303,2025-03-19,1,21.06,4,4,3,1,一般价值客户,公开数据未提供,card
ANON-0000-0000-1304,2025-03-20,1,30.86,3,4,3,1,一般价值客户,公开数据未提供,card
ANON-0000-0000-1305,2025-03-20,1,25.96,3,4,3,1,一般价值客户,公开数据未提供,card
ANON-0000-0000-1306,2025-03-22,4,103.84,1,4,4,4,重要价值客户,公开数据未提供,card
ANON-0000-0000-1307,2025-03-20,1,25.96,3,4,3,1,一般价值客户,公开数据未提供,card
ANON-0000-0000-1308,2025-03-20,1,35.76,3,4,3,3,一般价值客户,公开数据未提供,card
ANON-0000-0000-1309,2025-03-22,2,51.92,1,4,4,3,一般价值客户,公开数据未提供,card
ANON-0000-0000-1310,2025-03-20,1,35.76,3,4,3,3,一般价值客户,公开数据未提供,card
ANON-0000-0000-1311,2025-03-21,1,35.76,2,4,3,3,一般价值客户,公开数据未提供,card
ANON-0000-0000-1312,2025-03-21,1,35.76,2,4,3,3,一般价值客户,公开数据未提供,card
ANON-0000-0000-1313,2025-03-22,1,30.86,1,4,3,1,一般价值客户,公开数据未提供,card
ANON-0000-0000-1314,2025-03-22,1,30.86,1,4,3,1,一般价值客户,公开数据未提供,card
ANON-0000-0000-1315,2025-03-23,2,71.52,0,4,4,4,重要价值客户,公开数据未提供,card
ANON-0000-0000-1316,2025-03-23,1,25.96,0,4,3,1,一般价值客户,公开数据未提供,card
CASH_00001,2024-03-02,1,40.0,386,1,3,3,一般价值客户,公开数据未提供,cash
CASH_00002,2024-03-03,1,40.0,385,1,3,3,一般价值客户,公开数据未提供,cash
CASH_00003,2024-03-06,1,35.0,382,1,3,2,一般价值客户,公开数据未提供,cash
CASH_00004,2024-03-07,1,40.0,381,1,3,3,一般价值客户,公开数据未提供,cash
CASH_00005,2024-03-07,1,40.0,381,1,3,3,一般价值客户,公开数据未提供,cash
CASH_00006,2024-03-09,1,40.0,379,1,3,3,一般价值客户,公开数据未提供,cash
CASH_00007,2024-03-10,1,30.0,378,1,3,1,一般价值客户,公开数据未提供,cash
CASH_00008,2024-03-10,1,35.0,378,1,3,2,一般价值客户,公开数据未提供,cash
CASH_00009,2024-03-10,1,40.0,378,1,3,3,一般价值客户,公开数据未提供,cash
CASH_00010,2024-03-10,1,35.0,378,1,3,2,一般价值客户,公开数据未提供,cash
CASH_00011,2024-03-11,1,30.0,377,1,3,1,一般价值客户,公开数据未提供,cash
CASH_00012,2024-03-11,1,40.0,377,1,3,3,一般价值客户,公开数据未提供,cash
CASH_00013,2024-03-11,1,30.0,377,1,3,1,一般价值客户,公开数据未提供,cash
CASH_00014,2024-03-11,1,40.0,377,1,3,3,一般价值客户,公开数据未提供,cash
CASH_00015,2024-03-12,1,40.0,376,1,3,3,一般价值客户,公开数据未提供,cash
CASH_00016,2024-03-13,1,25.0,375,1,3,1,一般价值客户,公开数据未提供,cash
CASH_00017,2024-03-14,1,40.0,374,1,3,3,一般价值客户,公开数据未提供,cash
CASH_00018,2024-03-15,1,40.0,373,1,3,3,一般价值客户,公开数据未提供,cash
CASH_00019,2024-03-17,1,40.0,371,1,3,3,一般价值客户,公开数据未提供,cash
CASH_00020,2024-03-19,1,40.0,369,1,3,3,一般价值客户,公开数据未提供,cash
CASH_00021,2024-03-19,1,30.0,369,1,3,1,一般价值客户,公开数据未提供,cash
CASH_00022,2024-03-20,1,40.0,368,1,3,3,一般价值客户,公开数据未提供,cash
CASH_00023,2024-03-21,1,40.0,367,1,3,3,一般价值客户,公开数据未提供,cash
CASH_00024,2024-03-21,1,30.0,367,1,3,1,一般价值客户,公开数据未提供,cash
CASH_00025,2024-03-22,1,40.0,366,1,3,3,一般价值客户,公开数据未提供,cash
CASH_00026,2024-03-24,1,40.0,364,1,3,3,一般价值客户,公开数据未提供,cash
CASH_00027,2024-03-25,1,35.0,363,1,3,2,一般价值客户,公开数据未提供,cash
CASH_00028,2024-03-27,1,40.0,361,1,3,3,一般价值客户,公开数据未提供,cash
CASH_00029,2024-03-29,1,40.0,359,1,3,3,一般价值客户,公开数据未提供,cash
CASH_00030,2024-03-30,1,40.0,358,1,3,3,一般价值客户,公开数据未提供,cash
CASH_00031,2024-03-31,1,30.0,357,1,3,1,一般价值客户,公开数据未提供,cash
CASH_00032,2024-04-01,1,40.0,356,1,3,3,一般价值客户,公开数据未提供,cash
CASH_00033,2024-04-02,1,40.0,355,1,3,3,一般价值客户,公开数据未提供,cash
CASH_00034,2024-04-03,1,30.0,354,1,3,1,一般价值客户,公开数据未提供,cash
CASH_00035,2024-04-04,1,40.0,353,1,3,3,一般价值客户,公开数据未提供,cash
CASH_00036,2024-04-05,1,40.0,352,1,3,3,一般价值客户,公开数据未提供,cash
CASH_00037,2024-04-05,1,40.0,352,1,3,3,一般价值客户,公开数据未提供,cash
CASH_00038,2024-04-05,1,30.0,352,1,3,1,一般价值客户,公开数据未提供,cash
CASH_00039,2024-04-05,1,40.0,352,1,3,3,一般价值客户,公开数据未提供,cash
CASH_00040,2024-04-08,1,25.0,349,1,3,1,一般价值客户,公开数据未提供,cash
CASH_00041,2024-04-08,1,35.0,349,1,3,2,一般价值客户,公开数据未提供,cash
CASH_00042,2024-04-09,1,40.0,348,1,3,3,一般价值客户,公开数据未提供,cash
CASH_00043,2024-04-09,1,30.0,348,1,3,1,一般价值客户,公开数据未提供,cash
CASH_00044,2024-04-10,1,40.0,347,1,3,3,一般价值客户,公开数据未提供,cash
CASH_00045,2024-04-10,1,25.0,347,1,3,1,一般价值客户,公开数据未提供,cash
CASH_00046,2024-04-13,1,40.0,344,1,3,3,一般价值客户,公开数据未提供,cash
CASH_00047,2024-04-13,1,40.0,344,1,3,3,一般价值客户,公开数据未提供,cash
CASH_00048,2024-04-14,1,35.0,343,1,3,2,一般价值客户,公开数据未提供,cash
CASH_00049,2024-04-14,1,30.0,343,1,3,1,一般价值客户,公开数据未提供,cash
CASH_00050,2024-04-14,1,30.0,343,1,3,1,一般价值客户,公开数据未提供,cash
CASH_00051,2024-04-14,1,40.0,343,1,3,3,一般价值客户,公开数据未提供,cash
CASH_00052,2024-04-15,1,25.0,342,1,3,1,一般价值客户,公开数据未提供,cash
CASH_00053,2024-04-16,1,35.0,341,1,3,2,一般价值客户,公开数据未提供,cash
CASH_00054,2024-04-17,1,40.0,340,1,3,3,一般价值客户,公开数据未提供,cash
CASH_00055,2024-04-20,1,39.0,337,1,3,3,一般价值客户,公开数据未提供,cash
CASH_00056,2024-04-20,1,35.0,337,1,3,2,一般价值客户,公开数据未提供,cash
CASH_00057,2024-04-21,1,39.0,336,1,3,3,一般价值客户,公开数据未提供,cash
CASH_00058,2024-04-22,1,39.0,335,1,3,3,一般价值客户,公开数据未提供,cash
CASH_00059,2024-04-22,1,39.0,335,1,3,3,一般价值客户,公开数据未提供,cash
CASH_00060,2024-05-02,1,39.0,325,1,3,3,一般价值客户,公开数据未提供,cash
CASH_00061,2024-05-03,1,39.0,324,1,3,3,一般价值客户,公开数据未提供,cash
CASH_00062,2024-05-06,1,29.0,321,1,3,1,一般价值客户,公开数据未提供,cash
CASH_00063,2024-05-07,1,34.0,320,1,3,2,一般价值客户,公开数据未提供,cash
CASH_00064,2024-05-10,1,39.0,317,1,3,3,一般价值客户,公开数据未提供,cash
CASH_00065,2024-05-10,1,34.0,317,1,3,2,一般价值客户,公开数据未提供,cash
CASH_00066,2024-05-11,1,39.0,316,1,3,3,一般价值客户,公开数据未提供,cash
CASH_00067,2024-05-13,1,29.0,314,1,3,1,一般价值客户,公开数据未提供,cash
CASH_00068,2024-05-13,1,29.0,314,1,3,1,一般价值客户,公开数据未提供,cash
CASH_00069,2024-05-15,1,29.0,312,1,3,1,一般价值客户,公开数据未提供,cash
CASH_00070,2024-05-16,1,39.0,311,1,3,3,一般价值客户,公开数据未提供,cash
CASH_00071,2024-05-16,1,39.0,311,1,3,3,一般价值客户,公开数据未提供,cash
CASH_00072,2024-05-17,1,34.0,310,1,3,2,一般价值客户,公开数据未提供,cash
CASH_00073,2024-05-18,1,39.0,309,1,3,3,一般价值客户,公开数据未提供,cash
CASH_00074,2024-05-19,1,24.0,308,1,3,1,一般价值客户,公开数据未提供,cash
CASH_00075,2024-05-20,1,29.0,307,1,3,1,一般价值客户,公开数据未提供,cash
CASH_00076,2024-05-21,1,34.0,306,1,3,2,一般价值客户,公开数据未提供,cash
CASH_00077,2024-05-21,1,39.0,306,1,3,3,一般价值客户,公开数据未提供,cash
CASH_00078,2024-05-21,1,29.0,306,1,3,1,一般价值客户,公开数据未提供,cash
CASH_00079,2024-05-21,1,39.0,306,1,3,3,一般价值客户,公开数据未提供,cash
CASH_00080,2024-05-23,1,39.0,304,1,3,3,一般价值客户,公开数据未提供,cash
CASH_00081,2024-05-25,1,29.0,302,1,3,1,一般价值客户,公开数据未提供,cash
CASH_00082,2024-05-25,1,29.0,302,1,3,1,一般价值客户,公开数据未提供,cash
CASH_00083,2024-05-28,1,39.0,299,1,3,3,一般价值客户,公开数据未提供,cash
CASH_00084,2024-05-29,1,39.0,298,1,3,3,一般价值客户,公开数据未提供,cash
CASH_00085,2024-05-31,1,39.0,296,1,3,3,一般价值客户,公开数据未提供,cash
CASH_00086,2024-06-01,1,39.0,295,1,3,3,一般价值客户,公开数据未提供,cash
CASH_00087,2024-06-02,1,34.0,294,1,3,2,一般价值客户,公开数据未提供,cash
CASH_00088,2024-06-03,1,34.0,293,1,3,2,一般价值客户,公开数据未提供,cash
CASH_00089,2024-06-03,1,34.0,293,1,3,2,一般价值客户,公开数据未提供,cash
