user_id,city,channel,member_months,signup_date
ANON-0000-0000-0001,公开数据未提供,card,3,2024-03-01
ANON-0000-0000-0002,公开数据未提供,card,1,2024-03-01
ANON-0000-0000-0003,公开数据未提供,card,7,2024-03-01
ANON-0000-0000-0004,公开数据未提供,card,7,2024-03-01
ANON-0000-0000-0005,公开数据未提供,card,1,2024-03-01
ANON-0000-0000-0006,公开数据未提供,card,1,2024-03-01
ANON-0000-0000-0007,公开数据未提供,card,1,2024-03-01
ANON-0000-0000-0008,公开数据未提供,card,1,2024-03-01
ANON-0000-0000-0009,公开数据未提供,card,5,2024-03-01
ANON-0000-0000-0010,公开数据未提供,card,1,2024-03-02
ANON-0000-0000-0011,公开数据未提供,card,1,2024-03-02
ANON-0000-0000-0012,公开数据未提供,card,10,2024-03-02
ANON-0000-0000-0013,公开数据未提供,card,1,2024-03-02
ANON-0000-0000-0014,公开数据未提供,card,1,2024-03-02
ANON-0000-0000-0015,公开数据未提供,card,1,2024-03-03
ANON-0000-0000-0016,公开数据未提供,card,1,2024-03-03
ANON-0000-0000-0017,公开数据未提供,card,1,2024-03-03
ANON-0000-0000-0018,公开数据未提供,card,1,2024-03-03
ANON-0000-0000-0019,公开数据未提供,card,12,2024-03-03
ANON-0000-0000-0020,公开数据未提供,card,1,2024-03-03
ANON-0000-0000-0021,公开数据未提供,card,1,2024-03-04
ANON-0000-0000-0022,公开数据未提供,card,1,2024-03-04
ANON-0000-0000-0023,公开数据未提供,card,1,2024-03-05
ANON-0000-0000-0024,公开数据未提供,card,3,2024-03-05
ANON-0000-0000-0025,公开数据未提供,card,3,2024-03-05
ANON-0000-0000-0026,公开数据未提供,card,2,2024-03-05
ANON-0000-0000-0027,公开数据未提供,card,1,2024-03-05
ANON-0000-0000-0028,公开数据未提供,card,1,2024-03-05
ANON-0000-0000-0029,公开数据未提供,card,1,2024-03-06
ANON-0000-0000-0030,公开数据未提供,card,1,2024-03-07
ANON-0000-0000-0031,公开数据未提供,card,1,2024-03-07
ANON-0000-0000-0032,公开数据未提供,card,1,2024-03-07
ANON-0000-0000-0033,公开数据未提供,card,2,2024-03-07
ANON-0000-0000-0034,公开数据未提供,card,1,2024-03-08
ANON-0000-0000-0035,公开数据未提供,card,1,2024-03-08
ANON-0000-0000-0036,公开数据未提供,card,1,2024-03-08
ANON-0000-0000-0037,公开数据未提供,card,1,2024-03-08
ANON-0000-0000-0038,公开数据未提供,card,1,2024-03-09
ANON-0000-0000-0039,公开数据未提供,card,1,2024-03-09
ANON-0000-0000-0040,公开数据未提供,card,9,2024-03-09
ANON-0000-0000-0041,公开数据未提供,card,1,2024-03-09
ANON-0000-0000-0042,公开数据未提供,card,9,2024-03-09
ANON-0000-0000-0043,公开数据未提供,card,1,2024-03-09
ANON-0000-0000-0044,公开数据未提供,card,1,2024-03-09
ANON-0000-0000-0045,公开数据未提供,card,1,2024-03-10
ANON-0000-0000-0046,公开数据未提供,card,12,2024-03-10
ANON-0000-0000-0047,公开数据未提供,card,1,2024-03-11
ANON-0000-0000-0048,公开数据未提供,card,1,2024-03-11
ANON-0000-0000-0049,公开数据未提供,card,1,2024-03-12
ANON-0000-0000-0050,公开数据未提供,card,10,2024-03-12
ANON-0000-0000-0051,公开数据未提供,card,1,2024-03-13
ANON-0000-0000-0052,公开数据未提供,card,1,2024-03-13
ANON-0000-0000-0053,公开数据未提供,card,1,2024-03-13
ANON-0000-0000-0054,公开数据未提供,card,7,2024-03-13
ANON-0000-0000-0055,公开数据未提供,card,1,2024-03-14
ANON-0000-0000-0056,公开数据未提供,card,1,2024-03-14
ANON-0000-0000-0057,公开数据未提供,card,1,2024-03-14
ANON-0000-0000-0058,公开数据未提供,card,3,2024-03-14
ANON-0000-0000-0059,公开数据未提供,card,4,2024-03-14
ANON-0000-0000-0060,公开数据未提供,card,1,2024-03-15
ANON-0000-0000-0061,公开数据未提供,card,1,2024-03-16
ANON-0000-0000-0062,公开数据未提供,card,1,2024-03-16
ANON-0000-0000-0063,公开数据未提供,card,1,2024-03-17
ANON-0000-0000-0064,公开数据未提供,card,1,2024-03-18
ANON-0000-0000-0065,公开数据未提供,card,1,2024-03-19
ANON-0000-0000-0066,公开数据未提供,card,1,2024-03-19
ANON-0000-0000-0067,公开数据未提供,card,1,2024-03-20
ANON-0000-0000-0068,公开数据未提供,card,1,2024-03-20
ANON-0000-0000-0069,公开数据未提供,card,1,2024-03-21
ANON-0000-0000-0070,公开数据未提供,card,1,2024-03-22
ANON-0000-0000-0071,公开数据未提供,card,1,2024-03-22
ANON-0000-0000-0072,公开数据未提供,card,1,2024-03-23
ANON-0000-0000-0073,公开数据未提供,card,1,2024-03-23
ANON-0000-0000-0074,公开数据未提供,card,1,2024-03-23
ANON-0000-0000-0075,公开数据未提供,card,1,2024-03-23
ANON-0000-0000-0076,公开数据未提供,card,1,2024-03-23
ANON-0000-0000-0077,公开数据未提供,card,5,2024-03-24
ANON-0000-0000-0078,公开数据未提供,card,1,2024-03-25
ANON-0000-0000-0079,公开数据未提供,card,1,2024-03-25
ANON-0000-0000-0080,公开数据未提供,card,1,2024-03-26
ANON-0000-0000-0081,公开数据未提供,card,1,2024-03-26
ANON-0000-0000-0082,公开数据未提供,card,1,2024-03-27
ANON-0000-0000-0083,公开数据未提供,card,1,2024-03-27
ANON-0000-0000-0084,公开数据未提供,card,7,2024-03-27
ANON-0000-0000-0085,公开数据未提供,card,1,2024-03-28
ANON-0000-0000-0086,公开数据未提供,card,1,2024-03-28
ANON-0000-0000-0087,公开数据未提供,card,1,2024-03-29
ANON-0000-0000-0088,公开数据未提供,card,1,2024-03-29
ANON-0000-0000-0089,公开数据未提供,card,1,2024-03-31
ANON-0000-0000-0090,公开数据未提供,card,1,2024-04-01
ANON-0000-0000-0091,公开数据未提供,card,1,2024-04-04
ANON-0000-0000-0092,公开数据未提供,card,1,2024-04-04
ANON-0000-0000-0093,公开数据未提供,card,1,2024-04-04
ANON-0000-0000-0094,公开数据未提供,card,1,2024-04-04
ANON-0000-0000-0095,公开数据未提供,card,10,2024-04-05
ANON-0000-0000-0096,公开数据未提供,card,1,2024-04-05
ANON-0000-0000-0097,公开数据未提供,card,8,2024-04-05
ANON-0000-0000-0098,公开数据未提供,card,1,2024-04-05
ANON-0000-0000-0099,公开数据未提供,card,5,2024-04-06
ANON-0000-0000-0100,公开数据未提供,card,1,2024-04-07
ANON-0000-0000-0101,公开数据未提供,card,1,2024-04-07
ANON-0000-0000-0102,公开数据未提供,card,1,2024-04-08
ANON-0000-0000-0103,公开数据未提供,card,1,2024-04-08
ANON-0000-0000-0104,公开数据未提供,card,1,2024-04-08
ANON-0000-0000-0105,公开数据未提供,card,1,2024-04-08
ANON-0000-0000-0106,公开数据未提供,card,1,2024-04-08
ANON-0000-0000-0107,公开数据未提供,card,1,2024-04-09
ANON-0000-0000-0108,公开数据未提供,card,1,2024-04-10
ANON-0000-0000-0109,公开数据未提供,card,1,2024-04-10
ANON-0000-0000-0110,公开数据未提供,card,1,2024-04-11
ANON-0000-0000-0111,公开数据未提供,card,1,2024-04-13
ANON-0000-0000-0112,公开数据未提供,card,1,2024-04-13
ANON-0000-0000-0113,公开数据未提供,card,1,2024-04-14
ANON-0000-0000-0114,公开数据未提供,card,1,2024-04-14
ANON-0000-0000-0115,公开数据未提供,card,1,2024-04-14
ANON-0000-0000-0116,公开数据未提供,card,1,2024-04-16
ANON-0000-0000-0117,公开数据未提供,card,1,2024-04-16
ANON-0000-0000-0118,公开数据未提供,card,1,2024-04-16
ANON-0000-0000-0119,公开数据未提供,card,1,2024-04-17
ANON-0000-0000-0120,公开数据未提供,card,1,2024-04-17
ANON-0000-0000-0121,公开数据未提供,card,1,2024-04-17
ANON-0000-0000-0122,公开数据未提供,card,1,2024-04-18
ANON-0000-0000-0123,公开数据未提供,card,1,2024-04-18
ANON-0000-0000-0124,公开数据未提供,card,1,2024-04-19
ANON-0000-0000-0125,公开数据未提供,card,1,2024-04-20
ANON-0000-0000-0126,公开数据未提供,card,1,2024-04-20
ANON-0000-0000-0127,公开数据未提供,card,1,2024-04-20
ANON-0000-0000-0128,公开数据未提供,card,1,2024-04-20
ANON-0000-0000-0129,公开数据未提供,card,1,2024-04-22
ANON-0000-0000-0130,公开数据未提供,card,1,2024-04-23
ANON-0000-0000-0131,公开数据未提供,card,1,2024-04-24
ANON-0000-0000-0132,公开数据未提供,card,1,2024-04-24
ANON-0000-0000-0133,公开数据未提供,card,1,2024-04-24
ANON-0000-0000-0134,公开数据未提供,card,3,2024-04-24
ANON-0000-0000-0135,公开数据未提供,card,1,2024-04-25
ANON-0000-0000-0136,公开数据未提供,card,1,2024-04-26
ANON-0000-0000-0137,公开数据未提供,card,6,2024-04-26
ANON-0000-0000-0138,公开数据未提供,card,1,2024-04-26
ANON-0000-0000-0139,公开数据未提供,card,1,2024-04-26
ANON-0000-0000-0140,公开数据未提供,card,1,2024-04-28
ANON-0000-0000-0141,公开数据未提供,card,9,2024-04-29
ANON-0000-0000-0142,公开数据未提供,card,1,2024-04-30
ANON-0000-0000-0143,公开数据未提供,card,2,2024-05-02
ANON-0000-0000-0144,公开数据未提供,card,1,2024-05-02
ANON-0000-0000-0145,公开数据未提供,card,1,2024-05-02
ANON-0000-0000-0146,公开数据未提供,card,1,2024-05-03
ANON-0000-0000-0147,公开数据未提供,card,1,2024-05-03
ANON-0000-0000-0148,公开数据未提供,card,1,2024-05-06
ANON-0000-0000-0149,公开数据未提供,card,1,2024-05-06
ANON-0000-0000-0150,公开数据未提供,card,1,2024-05-06
ANON-0000-0000-0151,公开数据未提供,card,1,2024-05-06
ANON-0000-0000-0152,公开数据未提供,card,1,2024-05-07
ANON-0000-0000-0153,公开数据未提供,card,2,2024-05-07
ANON-0000-0000-0154,公开数据未提供,card,7,2024-05-07
ANON-0000-0000-0155,公开数据未提供,card,1,2024-05-09
ANON-0000-0000-0156,公开数据未提供,card,1,2024-05-09
ANON-0000-0000-0157,公开数据未提供,card,1,2024-05-09
ANON-0000-0000-0158,公开数据未提供,card,1,2024-05-10
ANON-0000-0000-0159,公开数据未提供,card,5,2024-05-11
ANON-0000-0000-0160,公开数据未提供,card,1,2024-05-12
ANON-0000-0000-0161,公开数据未提供,card,1,2024-05-12
ANON-0000-0000-0162,公开数据未提供,card,1,2024-05-12
ANON-0000-0000-0163,公开数据未提供,card,1,2024-05-12
ANON-0000-0000-0164,公开数据未提供,card,1,2024-05-13
ANON-0000-0000-0165,公开数据未提供,card,1,2024-05-14
ANON-0000-0000-0166,公开数据未提供,card,1,2024-05-14
ANON-0000-0000-0167,公开数据未提供,card,1,2024-05-14
ANON-0000-0000-0168,公开数据未提供,card,3,2024-05-15
ANON-0000-0000-0169,公开数据未提供,card,1,2024-05-15
ANON-0000-0000-0170,公开数据未提供,card,1,2024-05-15
ANON-0000-0000-0171,公开数据未提供,card,1,2024-05-15
ANON-0000-0000-0172,公开数据未提供,card,6,2024-05-16
ANON-0000-0000-0173,公开数据未提供,card,1,2024-05-16
ANON-0000-0000-0174,公开数据未提供,card,1,2024-05-16
ANON-0000-0000-0175,公开数据未提供,card,1,2024-05-16
ANON-0000-0000-0176,公开数据未提供,card,1,2024-05-17
ANON-0000-0000-0177,公开数据未提供,card,1,2024-05-17
ANON-0000-0000-0178,公开数据未提供,card,1,2024-05-17
ANON-0000-0000-0179,公开数据未提供,card,3,2024-05-17
ANON-0000-0000-0180,公开数据未提供,card,1,2024-05-18
ANON-0000-0000-0181,公开数据未提供,card,3,2024-05-18
ANON-0000-0000-0182,公开数据未提供,card,1,2024-05-19
ANON-0000-0000-0183,公开数据未提供,card,1,2024-05-19
ANON-0000-0000-0184,公开数据未提供,card,1,2024-05-19
ANON-0000-0000-0185,公开数据未提供,card,1,2024-05-19
ANON-0000-0000-0186,公开数据未提供,card,1,2024-05-19
ANON-0000-0000-0187,公开数据未提供,card,1,2024-05-19
ANON-0000-0000-0188,公开数据未提供,card,1,2024-05-19
ANON-0000-0000-0189,公开数据未提供,card,1,2024-05-19
ANON-0000-0000-0190,公开数据未提供,card,1,2024-05-20
ANON-0000-0000-0191,公开数据未提供,card,1,2024-05-20
ANON-0000-0000-0192,公开数据未提供,card,2,2024-05-20
ANON-0000-0000-0193,公开数据未提供,card,1,2024-05-20
ANON-0000-0000-0194,公开数据未提供,card,1,2024-05-20
ANON-0000-0000-0195,公开数据未提供,card,7,2024-05-20
ANON-0000-0000-0196,公开数据未提供,card,1,2024-05-21
ANON-0000-0000-0197,公开数据未提供,card,8,2024-05-21
ANON-0000-0000-0198,公开数据未提供,card,1,2024-05-21
ANON-0000-0000-0199,公开数据未提供,card,1,2024-05-21
ANON-0000-0000-0200,公开数据未提供,card,1,2024-05-22
ANON-0000-0000-0201,公开数据未提供,card,1,2024-05-23
ANON-0000-0000-0202,公开数据未提供,card,1,2024-05-23
ANON-0000-0000-0203,公开数据未提供,card,1,2024-05-23
ANON-0000-0000-0204,公开数据未提供,card,1,2024-05-23
ANON-0000-0000-0205,公开数据未提供,card,2,2024-05-23
ANON-0000-0000-0206,公开数据未提供,card,7,2024-05-23
ANON-0000-0000-0207,公开数据未提供,card,1,2024-05-23
ANON-0000-0000-0208,公开数据未提供,card,1,2024-05-23
ANON-0000-0000-0209,公开数据未提供,card,1,2024-05-24
ANON-0000-0000-0210,公开数据未提供,card,1,2024-05-24
ANON-0000-0000-0211,公开数据未提供,card,1,2024-05-25
ANON-0000-0000-0212,公开数据未提供,card,1,2024-05-25
ANON-0000-0000-0213,公开数据未提供,card,1,2024-05-25
ANON-0000-0000-0214,公开数据未提供,card,1,2024-05-26
ANON-0000-0000-0215,公开数据未提供,card,1,2024-05-26
ANON-0000-0000-0216,公开数据未提供,card,1,2024-05-26
ANON-0000-0000-0217,公开数据未提供,card,1,2024-05-26
ANON-0000-0000-0218,公开数据未提供,card,1,2024-05-26
ANON-0000-0000-0219,公开数据未提供,card,1,2024-05-26
ANON-0000-0000-0220,公开数据未提供,card,1,2024-05-26
ANON-0000-0000-0221,公开数据未提供,card,1,2024-05-26
ANON-0000-0000-0222,公开数据未提供,card,1,2024-05-26
ANON-0000-0000-0223,公开数据未提供,card,1,2024-05-26
ANON-0000-0000-0224,公开数据未提供,card,8,2024-05-27
ANON-0000-0000-0225,公开数据未提供,card,5,2024-05-27
ANON-0000-0000-0226,公开数据未提供,card,1,2024-05-27
ANON-0000-0000-0227,公开数据未提供,card,1,2024-05-27
ANON-0000-0000-0228,公开数据未提供,card,5,2024-05-27
ANON-0000-0000-0229,公开数据未提供,card,1,2024-05-28
ANON-0000-0000-0230,公开数据未提供,card,1,2024-05-28
ANON-0000-0000-0231,公开数据未提供,card,1,2024-05-28
ANON-0000-0000-0232,公开数据未提供,card,2,2024-05-29
ANON-0000-0000-0233,公开数据未提供,card,1,2024-05-29
ANON-0000-0000-0234,公开数据未提供,card,1,2024-05-29
ANON-0000-0000-0235,公开数据未提供,card,1,2024-05-29
ANON-0000-0000-0236,公开数据未提供,card,1,2024-05-29
ANON-0000-0000-0237,公开数据未提供,card,1,2024-05-29
ANON-0000-0000-0238,公开数据未提供,card,1,2024-05-29
ANON-0000-0000-0239,公开数据未提供,card,1,2024-05-29
ANON-0000-0000-0240,公开数据未提供,card,1,2024-05-29
ANON-0000-0000-0241,公开数据未提供,card,1,2024-05-30
ANON-0000-0000-0242,公开数据未提供,card,5,2024-05-30
ANON-0000-0000-0243,公开数据未提供,card,1,2024-05-30
ANON-0000-0000-0244,公开数据未提供,card,1,2024-05-30
ANON-0000-0000-0245,公开数据未提供,card,1,2024-05-31
ANON-0000-0000-0246,公开数据未提供,card,1,2024-05-31
ANON-0000-0000-0247,公开数据未提供,card,1,2024-05-31
ANON-0000-0000-0248,公开数据未提供,card,1,2024-05-31
ANON-0000-0000-0249,公开数据未提供,card,1,2024-05-31
ANON-0000-0000-0250,公开数据未提供,card,2,2024-05-31
ANON-0000-0000-0251,公开数据未提供,card,1,2024-06-01
ANON-0000-0000-0252,公开数据未提供,card,1,2024-06-01
ANON-0000-0000-0253,公开数据未提供,card,1,2024-06-02
ANON-0000-0000-0254,公开数据未提供,card,1,2024-06-04
ANON-0000-0000-0255,公开数据未提供,card,4,2024-06-04
ANON-0000-0000-0256,公开数据未提供,card,1,2024-06-04
ANON-0000-0000-0257,公开数据未提供,card,4,2024-06-04
ANON-0000-0000-0258,公开数据未提供,card,4,2024-06-04
ANON-0000-0000-0259,公开数据未提供,card,1,2024-06-04
ANON-0000-0000-0260,公开数据未提供,card,1,2024-06-04
ANON-0000-0000-0261,公开数据未提供,card,9,2024-06-05
ANON-0000-0000-0262,公开数据未提供,card,1,2024-06-05
ANON-0000-0000-0263,公开数据未提供,card,1,2024-06-05
ANON-0000-0000-0264,公开数据未提供,card,1,2024-06-05
ANON-0000-0000-0265,公开数据未提供,card,8,2024-06-06
ANON-0000-0000-0266,公开数据未提供,card,1,2024-06-06
ANON-0000-0000-0267,公开数据未提供,card,1,2024-06-06
ANON-0000-0000-0268,公开数据未提供,card,3,2024-06-07
ANON-0000-0000-0269,公开数据未提供,card,1,2024-06-07
ANON-0000-0000-0270,公开数据未提供,card,1,2024-06-07
ANON-0000-0000-0271,公开数据未提供,card,1,2024-06-08
ANON-0000-0000-0272,公开数据未提供,card,1,2024-06-09
ANON-0000-0000-0273,公开数据未提供,card,1,2024-06-09
ANON-0000-0000-0274,公开数据未提供,card,4,2024-06-09
ANON-0000-0000-0275,公开数据未提供,card,1,2024-06-09
ANON-0000-0000-0276,公开数据未提供,card,7,2024-06-09
ANON-0000-0000-0277,公开数据未提供,card,2,2024-06-09
ANON-0000-0000-0278,公开数据未提供,card,1,2024-06-09
ANON-0000-0000-0279,公开数据未提供,card,1,2024-06-09
ANON-0000-0000-0280,公开数据未提供,card,1,2024-06-09
ANON-0000-0000-0281,公开数据未提供,card,1,2024-06-10
ANON-0000-0000-0282,公开数据未提供,card,1,2024-06-10
ANON-0000-0000-0283,公开数据未提供,card,2,2024-06-10
ANON-0000-0000-0284,公开数据未提供,card,1,2024-06-11
ANON-0000-0000-0285,公开数据未提供,card,1,2024-06-11
ANON-0000-0000-0286,公开数据未提供,card,1,2024-06-11
ANON-0000-0000-0287,公开数据未提供,card,5,2024-06-11
ANON-0000-0000-0288,公开数据未提供,card,1,2024-06-12
ANON-0000-0000-0289,公开数据未提供,card,1,2024-06-12
ANON-0000-0000-0290,公开数据未提供,card,1,2024-06-12
ANON-0000-0000-0291,公开数据未提供,card,1,2024-06-12
ANON-0000-0000-0292,公开数据未提供,card,1,2024-06-13
ANON-0000-0000-0293,公开数据未提供,card,1,2024-06-13
ANON-0000-0000-0294,公开数据未提供,card,1,2024-06-13
ANON-0000-0000-0295,公开数据未提供,card,1,2024-06-13
ANON-0000-0000-0296,公开数据未提供,card,1,2024-06-13
ANON-0000-0000-0297,公开数据未提供,card,1,2024-06-14
ANON-0000-0000-0298,公开数据未提供,card,1,2024-06-14
ANON-0000-0000-0299,公开数据未提供,card,1,2024-06-15
ANON-0000-0000-0300,公开数据未提供,card,1,2024-06-15
ANON-0000-0000-0301,公开数据未提供,card,1,2024-06-15
ANON-0000-0000-0302,公开数据未提供,card,5,2024-06-15
ANON-0000-0000-0303,公开数据未提供,card,1,2024-06-16
ANON-0000-0000-0304,公开数据未提供,card,7,2024-06-16
ANON-0000-0000-0305,公开数据未提供,card,1,2024-06-16
ANON-0000-0000-0306,公开数据未提供,card,1,2024-06-16
ANON-0000-0000-0307,公开数据未提供,card,1,2024-06-17
ANON-0000-0000-0308,公开数据未提供,card,1,2024-06-17
ANON-0000-0000-0309,公开数据未提供,card,1,2024-06-17
ANON-0000-0000-0310,公开数据未提供,card,1,2024-06-18
ANON-0000-0000-0311,公开数据未提供,card,1,2024-06-19
ANON-0000-0000-0312,公开数据未提供,card,1,2024-06-19
ANON-0000-0000-0313,公开数据未提供,card,4,2024-06-19
ANON-0000-0000-0314,公开数据未提供,card,1,2024-06-20
ANON-0000-0000-0315,公开数据未提供,card,1,2024-06-21
ANON-0000-0000-0316,公开数据未提供,card,1,2024-06-21
ANON-0000-0000-0317,公开数据未提供,card,1,2024-06-22
ANON-0000-0000-0318,公开数据未提供,card,1,2024-06-22
ANON-0000-0000-0319,公开数据未提供,card,2,2024-06-23
ANON-0000-0000-0320,公开数据未提供,card,1,2024-06-23
ANON-0000-0000-0321,公开数据未提供,card,1,2024-06-24
ANON-0000-0000-0322,公开数据未提供,card,1,2024-06-25
ANON-0000-0000-0323,公开数据未提供,card,1,2024-06-26
ANON-0000-0000-0324,公开数据未提供,card,1,2024-06-26
ANON-0000-0000-0325,公开数据未提供,card,1,2024-06-26
ANON-0000-0000-0326,公开数据未提供,card,1,2024-06-27
ANON-0000-0000-0327,公开数据未提供,card,1,2024-06-27
ANON-0000-0000-0328,公开数据未提供,card,1,2024-06-27
ANON-0000-0000-0329,公开数据未提供,card,6,2024-06-27
ANON-0000-0000-0330,公开数据未提供,card,1,2024-06-28
ANON-0000-0000-0331,公开数据未提供,card,1,2024-06-28
ANON-0000-0000-0332,公开数据未提供,card,1,2024-06-28
ANON-0000-0000-0333,公开数据未提供,card,7,2024-06-29
ANON-0000-0000-0334,公开数据未提供,card,3,2024-06-29
ANON-0000-0000-0335,公开数据未提供,card,1,2024-06-29
ANON-0000-0000-0336,公开数据未提供,card,1,2024-06-30
ANON-0000-0000-0337,公开数据未提供,card,1,2024-06-30
ANON-0000-0000-0338,公开数据未提供,card,1,2024-07-01
ANON-0000-0000-0339,公开数据未提供,card,1,2024-07-01
ANON-0000-0000-0340,公开数据未提供,card,1,2024-07-02
ANON-0000-0000-0341,公开数据未提供,card,1,2024-07-02
ANON-0000-0000-0342,公开数据未提供,card,1,2024-07-03
ANON-0000-0000-0343,公开数据未提供,card,1,2024-07-03
ANON-0000-0000-0344,公开数据未提供,card,1,2024-07-03
ANON-0000-0000-0345,公开数据未提供,card,1,2024-07-03
ANON-0000-0000-0346,公开数据未提供,card,1,2024-07-03
ANON-0000-0000-0347,公开数据未提供,card,3,2024-07-05
ANON-0000-0000-0348,公开数据未提供,card,6,2024-07-05
ANON-0000-0000-0349,公开数据未提供,card,1,2024-07-05
ANON-0000-0000-0350,公开数据未提供,card,1,2024-07-05
ANON-0000-0000-0351,公开数据未提供,card,1,2024-07-05
ANON-0000-0000-0352,公开数据未提供,card,1,2024-07-06
ANON-0000-0000-0353,公开数据未提供,card,1,2024-07-07
ANON-0000-0000-0354,公开数据未提供,card,1,2024-07-07
ANON-0000-0000-0355,公开数据未提供,card,3,2024-07-07
ANON-0000-0000-0356,公开数据未提供,card,1,2024-07-07
ANON-0000-0000-0357,公开数据未提供,card,1,2024-07-07
ANON-0000-0000-0358,公开数据未提供,card,1,2024-07-07
ANON-0000-0000-0359,公开数据未提供,card,1,2024-07-07
ANON-0000-0000-0360,公开数据未提供,card,1,2024-07-08
ANON-0000-0000-0361,公开数据未提供,card,1,2024-07-08
ANON-0000-0000-0362,公开数据未提供,card,1,2024-07-08
ANON-0000-0000-0363,公开数据未提供,card,1,2024-07-08
ANON-0000-0000-0364,公开数据未提供,card,1,2024-07-09
ANON-0000-0000-0365,公开数据未提供,card,1,2024-07-10
ANON-0000-0000-0366,公开数据未提供,card,1,2024-07-10
ANON-0000-0000-0367,公开数据未提供,card,1,2024-07-11
ANON-0000-0000-0368,公开数据未提供,card,1,2024-07-11
ANON-0000-0000-0369,公开数据未提供,card,1,2024-07-11
ANON-0000-0000-0370,公开数据未提供,card,1,2024-07-11
ANON-0000-0000-0371,公开数据未提供,card,1,2024-07-12
ANON-0000-0000-0372,公开数据未提供,card,1,2024-07-12
ANON-0000-0000-0373,公开数据未提供,card,1,2024-07-14
ANON-0000-0000-0374,公开数据未提供,card,1,2024-07-14
ANON-0000-0000-0375,公开数据未提供,card,3,2024-07-14
ANON-0000-0000-0376,公开数据未提供,card,1,2024-07-14
ANON-0000-0000-0377,公开数据未提供,card,1,2024-07-15
ANON-0000-0000-0378,公开数据未提供,card,1,2024-07-16
ANON-0000-0000-0379,公开数据未提供,card,1,2024-07-17
ANON-0000-0000-0380,公开数据未提供,card,1,2024-07-18
ANON-0000-0000-0381,公开数据未提供,card,1,2024-07-18
ANON-0000-0000-0382,公开数据未提供,card,1,2024-07-18
ANON-0000-0000-0383,公开数据未提供,card,1,2024-07-18
ANON-0000-0000-0384,公开数据未提供,card,1,2024-07-18
ANON-0000-0000-0385,公开数据未提供,card,5,2024-07-19
ANON-0000-0000-0386,公开数据未提供,card,1,2024-07-19
ANON-0000-0000-0387,公开数据未提供,card,1,2024-07-20
ANON-0000-0000-0388,公开数据未提供,card,1,2024-07-20
ANON-0000-0000-0389,公开数据未提供,card,1,2024-07-20
ANON-0000-0000-0390,公开数据未提供,card,1,2024-07-20
ANON-0000-0000-0391,公开数据未提供,card,1,2024-07-20
ANON-0000-0000-0392,公开数据未提供,card,1,2024-07-21
ANON-0000-0000-0393,公开数据未提供,card,1,2024-07-21
ANON-0000-0000-0394,公开数据未提供,card,1,2024-07-21
ANON-0000-0000-0395,公开数据未提供,card,1,2024-07-22
ANON-0000-0000-0396,公开数据未提供,card,1,2024-07-22
ANON-0000-0000-0397,公开数据未提供,card,1,2024-07-23
ANON-0000-0000-0398,公开数据未提供,card,1,2024-07-23
ANON-0000-0000-0399,公开数据未提供,card,1,2024-07-23
ANON-0000-0000-0400,公开数据未提供,card,1,2024-07-23
ANON-0000-0000-0401,公开数据未提供,card,1,2024-07-23
ANON-0000-0000-0402,公开数据未提供,card,3,2024-07-24
ANON-0000-0000-0403,公开数据未提供,card,1,2024-07-25
ANON-0000-0000-0404,公开数据未提供,card,1,2024-07-25
ANON-0000-0000-0405,公开数据未提供,card,1,2024-07-25
ANON-0000-0000-0406,公开数据未提供,card,5,2024-07-26
ANON-0000-0000-0407,公开数据未提供,card,1,2024-07-26
ANON-0000-0000-0408,公开数据未提供,card,2,2024-07-26
ANON-0000-0000-0409,公开数据未提供,card,4,2024-07-26
ANON-0000-0000-0410,公开数据未提供,card,1,2024-07-26
ANON-0000-0000-0411,公开数据未提供,card,1,2024-07-26
ANON-0000-0000-0412,公开数据未提供,card,1,2024-07-26
ANON-0000-0000-0413,公开数据未提供,card,1,2024-07-27
ANON-0000-0000-0414,公开数据未提供,card,1,2024-07-27
ANON-0000-0000-0415,公开数据未提供,card,1,2024-07-27
ANON-0000-0000-0416,公开数据未提供,card,1,2024-07-27
ANON-0000-0000-0417,公开数据未提供,card,1,2024-07-27
ANON-0000-0000-0418,公开数据未提供,card,1,2024-07-29
ANON-0000-0000-0419,公开数据未提供,card,5,2024-07-29
ANON-0000-0000-0420,公开数据未提供,card,1,2024-07-29
ANON-0000-0000-0421,公开数据未提供,card,1,2024-07-29
ANON-0000-0000-0422,公开数据未提供,card,1,2024-07-29
ANON-0000-0000-0423,公开数据未提供,card,1,2024-07-30
ANON-0000-0000-0424,公开数据未提供,card,2,2024-07-30
ANON-0000-0000-0425,公开数据未提供,card,1,2024-07-30
ANON-0000-0000-0426,公开数据未提供,card,1,2024-07-30
ANON-0000-0000-0427,公开数据未提供,card,6,2024-07-30
ANON-0000-0000-0428,公开数据未提供,card,1,2024-07-30
ANON-0000-0000-0429,公开数据未提供,card,1,2024-07-30
ANON-0000-0000-0430,公开数据未提供,card,1,2024-07-30
ANON-0000-0000-0431,公开数据未提供,card,1,2024-07-30
ANON-0000-0000-0432,公开数据未提供,card,1,2024-07-30
ANON-0000-0000-0433,公开数据未提供,card,1,2024-07-30
ANON-0000-0000-0434,公开数据未提供,card,1,2024-07-30
ANON-0000-0000-0435,公开数据未提供,card,1,2024-07-30
ANON-0000-0000-0436,公开数据未提供,card,1,2024-07-30
ANON-0000-0000-0437,公开数据未提供,card,1,2024-07-31
ANON-0000-0000-0438,公开数据未提供,card,1,2024-07-31
ANON-0000-0000-0439,公开数据未提供,card,1,2024-07-31
ANON-0000-0000-0440,公开数据未提供,card,2,2024-07-31
ANON-0000-0000-0441,公开数据未提供,card,1,2024-07-31
ANON-0000-0000-0442,公开数据未提供,card,1,2024-07-31
ANON-0000-0000-0443,公开数据未提供,card,1,2024-07-31
ANON-0000-0000-0444,公开数据未提供,card,1,2024-07-31
ANON-0000-0000-0445,公开数据未提供,card,1,2024-07-31
ANON-0000-0000-0446,公开数据未提供,card,1,2024-07-31
ANON-0000-0000-0447,公开数据未提供,card,1,2024-08-01
ANON-0000-0000-0448,公开数据未提供,card,1,2024-08-01
ANON-0000-0000-0449,公开数据未提供,card,1,2024-08-01
ANON-0000-0000-0450,公开数据未提供,card,1,2024-08-01
ANON-0000-0000-0451,公开数据未提供,card,1,2024-08-01
ANON-0000-0000-0452,公开数据未提供,card,1,2024-08-01
ANON-0000-0000-0453,公开数据未提供,card,1,2024-08-02
ANON-0000-0000-0454,公开数据未提供,card,1,2024-08-02
ANON-0000-0000-0455,公开数据未提供,card,3,2024-08-03
ANON-0000-0000-0456,公开数据未提供,card,1,2024-08-03
ANON-0000-0000-0457,公开数据未提供,card,1,2024-08-03
ANON-0000-0000-0458,公开数据未提供,card,1,2024-08-04
ANON-0000-0000-0459,公开数据未提供,card,1,2024-08-05
ANON-0000-0000-0460,公开数据未提供,card,1,2024-08-05
ANON-0000-0000-0461,公开数据未提供,card,1,2024-08-05
ANON-0000-0000-0462,公开数据未提供,card,1,2024-08-05
ANON-0000-0000-0463,公开数据未提供,card,5,2024-08-05
ANON-0000-0000-0464,公开数据未提供,card,1,2024-08-05
ANON-0000-0000-0465,公开数据未提供,card,1,2024-08-06
ANON-0000-0000-0466,公开数据未提供,card,1,2024-08-06
ANON-0000-0000-0467,公开数据未提供,card,1,2024-08-06
ANON-0000-0000-0468,公开数据未提供,card,1,2024-08-06
ANON-0000-0000-0469,公开数据未提供,card,1,2024-08-07
ANON-0000-0000-0470,公开数据未提供,card,1,2024-08-07
ANON-0000-0000-0471,公开数据未提供,card,1,2024-08-07
ANON-0000-0000-0472,公开数据未提供,card,1,2024-08-07
ANON-0000-0000-0473,公开数据未提供,card,1,2024-08-08
ANON-0000-0000-0474,公开数据未提供,card,1,2024-08-08
ANON-0000-0000-0475,公开数据未提供,card,2,2024-08-09
ANON-0000-0000-0476,公开数据未提供,card,1,2024-08-09
ANON-0000-0000-0477,公开数据未提供,card,1,2024-08-09
ANON-0000-0000-0478,公开数据未提供,card,1,2024-08-09
ANON-0000-0000-0479,公开数据未提供,card,1,2024-08-09
ANON-0000-0000-0480,公开数据未提供,card,1,2024-08-10
ANON-0000-0000-0481,公开数据未提供,card,1,2024-08-10
ANON-0000-0000-0482,公开数据未提供,card,1,2024-08-10
ANON-0000-0000-0483,公开数据未提供,card,1,2024-08-11
ANON-0000-0000-0484,公开数据未提供,card,1,2024-08-11
ANON-0000-0000-0485,公开数据未提供,card,1,2024-08-11
ANON-0000-0000-0486,公开数据未提供,card,1,2024-08-11
ANON-0000-0000-0487,公开数据未提供,card,1,2024-08-11
ANON-0000-0000-0488,公开数据未提供,card,1,2024-08-11
ANON-0000-0000-0489,公开数据未提供,card,1,2024-08-12
ANON-0000-0000-0490,公开数据未提供,card,1,2024-08-12
ANON-0000-0000-0491,公开数据未提供,card,1,2024-08-12
ANON-0000-0000-0492,公开数据未提供,card,1,2024-08-12
ANON-0000-0000-0493,公开数据未提供,card,1,2024-08-12
ANON-0000-0000-0494,公开数据未提供,card,4,2024-08-12
ANON-0000-0000-0495,公开数据未提供,card,1,2024-08-13
ANON-0000-0000-0496,公开数据未提供,card,1,2024-08-13
ANON-0000-0000-0497,公开数据未提供,card,1,2024-08-13
ANON-0000-0000-0498,公开数据未提供,card,1,2024-08-13
ANON-0000-0000-0499,公开数据未提供,card,1,2024-08-13
ANON-0000-0000-0500,公开数据未提供,card,1,2024-08-13
ANON-0000-0000-0501,公开数据未提供,card,1,2024-08-13
ANON-0000-0000-0502,公开数据未提供,card,1,2024-08-14
ANON-0000-0000-0503,公开数据未提供,card,1,2024-08-14
ANON-0000-0000-0504,公开数据未提供,card,1,2024-08-14
ANON-0000-0000-0505,公开数据未提供,card,1,2024-08-14
ANON-0000-0000-0506,公开数据未提供,card,1,2024-08-14
ANON-0000-0000-0507,公开数据未提供,card,7,2024-08-14
ANON-0000-0000-0508,公开数据未提供,card,1,2024-08-15
ANON-0000-0000-0509,公开数据未提供,card,1,2024-08-15
ANON-0000-0000-0510,公开数据未提供,card,2,2024-08-15
ANON-0000-0000-0511,公开数据未提供,card,1,2024-08-15
ANON-0000-0000-0512,公开数据未提供,card,1,2024-08-15
ANON-0000-0000-0513,公开数据未提供,card,1,2024-08-15
ANON-0000-0000-0514,公开数据未提供,card,1,2024-08-15
ANON-0000-0000-0515,公开数据未提供,card,1,2024-08-16
ANON-0000-0000-0516,公开数据未提供,card,1,2024-08-17
ANON-0000-0000-0517,公开数据未提供,card,1,2024-08-17
ANON-0000-0000-0518,公开数据未提供,card,2,2024-08-17
ANON-0000-0000-0519,公开数据未提供,card,1,2024-08-17
ANON-0000-0000-0520,公开数据未提供,card,1,2024-08-18
ANON-0000-0000-0521,公开数据未提供,card,1,2024-08-18
ANON-0000-0000-0522,公开数据未提供,card,1,2024-08-18
ANON-0000-0000-0523,公开数据未提供,card,1,2024-08-18
ANON-0000-0000-0524,公开数据未提供,card,1,2024-08-19
ANON-0000-0000-0525,公开数据未提供,card,4,2024-08-20
ANON-0000-0000-0526,公开数据未提供,card,1,2024-08-20
ANON-0000-0000-0527,公开数据未提供,card,1,2024-08-20
ANON-0000-0000-0528,公开数据未提供,card,1,2024-08-20
ANON-0000-0000-0529,公开数据未提供,card,1,2024-08-20
ANON-0000-0000-0530,公开数据未提供,card,1,2024-08-20
ANON-0000-0000-0531,公开数据未提供,card,1,2024-08-20
ANON-0000-0000-0532,公开数据未提供,card,1,2024-08-20
ANON-0000-0000-0533,公开数据未提供,card,4,2024-08-21
ANON-0000-0000-0534,公开数据未提供,card,1,2024-08-21
ANON-0000-0000-0535,公开数据未提供,card,1,2024-08-22
ANON-0000-0000-0536,公开数据未提供,card,1,2024-08-22
ANON-0000-0000-0537,公开数据未提供,card,1,2024-08-22
ANON-0000-0000-0538,公开数据未提供,card,1,2024-08-22
ANON-0000-0000-0539,公开数据未提供,card,1,2024-08-23
ANON-0000-0000-0540,公开数据未提供,card,1,2024-08-23
ANON-0000-0000-0541,公开数据未提供,card,1,2024-08-23
ANON-0000-0000-0542,公开数据未提供,card,1,2024-08-23
ANON-0000-0000-0543,公开数据未提供,card,3,2024-08-24
ANON-0000-0000-0544,公开数据未提供,card,1,2024-08-24
ANON-0000-0000-0545,公开数据未提供,card,1,2024-08-25
ANON-0000-0000-0546,公开数据未提供,card,1,2024-08-25
ANON-0000-0000-0547,公开数据未提供,card,1,2024-08-26
ANON-0000-0000-0548,公开数据未提供,card,1,2024-08-26
ANON-0000-0000-0549,公开数据未提供,card,1,2024-08-26
ANON-0000-0000-0550,公开数据未提供,card,1,2024-08-26
ANON-0000-0000-0551,公开数据未提供,card,1,2024-08-28
ANON-0000-0000-0552,公开数据未提供,card,1,2024-08-28
ANON-0000-0000-0553,公开数据未提供,card,1,2024-08-29
ANON-0000-0000-0554,公开数据未提供,card,1,2024-08-30
ANON-0000-0000-0555,公开数据未提供,card,1,2024-08-31
ANON-0000-0000-0556,公开数据未提供,card,1,2024-08-31
ANON-0000-0000-0557,公开数据未提供,card,1,2024-08-31
ANON-0000-0000-0558,公开数据未提供,card,1,2024-09-01
ANON-0000-0000-0559,公开数据未提供,card,1,2024-09-01
ANON-0000-0000-0560,公开数据未提供,card,1,2024-09-01
ANON-0000-0000-0561,公开数据未提供,card,1,2024-09-01
ANON-0000-0000-0562,公开数据未提供,card,1,2024-09-01
ANON-0000-0000-0563,公开数据未提供,card,1,2024-09-01
ANON-0000-0000-0564,公开数据未提供,card,1,2024-09-02
ANON-0000-0000-0565,公开数据未提供,card,1,2024-09-02
ANON-0000-0000-0566,公开数据未提供,card,1,2024-09-02
ANON-0000-0000-0567,公开数据未提供,card,1,2024-09-02
ANON-0000-0000-0568,公开数据未提供,card,1,2024-09-02
ANON-0000-0000-0569,公开数据未提供,card,1,2024-09-03
ANON-0000-0000-0570,公开数据未提供,card,4,2024-09-03
ANON-0000-0000-0571,公开数据未提供,card,1,2024-09-03
ANON-0000-0000-0572,公开数据未提供,card,1,2024-09-03
ANON-0000-0000-0573,公开数据未提供,card,1,2024-09-03
ANON-0000-0000-0574,公开数据未提供,card,1,2024-09-03
ANON-0000-0000-0575,公开数据未提供,card,1,2024-09-03
ANON-0000-0000-0576,公开数据未提供,card,1,2024-09-03
ANON-0000-0000-0577,公开数据未提供,card,1,2024-09-04
ANON-0000-0000-0578,公开数据未提供,card,1,2024-09-04
ANON-0000-0000-0579,公开数据未提供,card,3,2024-09-04
ANON-0000-0000-0580,公开数据未提供,card,1,2024-09-04
ANON-0000-0000-0581,公开数据未提供,card,1,2024-09-05
ANON-0000-0000-0582,公开数据未提供,card,1,2024-09-05
ANON-0000-0000-0583,公开数据未提供,card,1,2024-09-05
ANON-0000-0000-0584,公开数据未提供,card,1,2024-09-05
ANON-0000-0000-0585,公开数据未提供,card,1,2024-09-05
ANON-0000-0000-0586,公开数据未提供,card,1,2024-09-05
ANON-0000-0000-0587,公开数据未提供,card,1,2024-09-05
ANON-0000-0000-0588,公开数据未提供,card,1,2024-09-05
ANON-0000-0000-0589,公开数据未提供,card,1,2024-09-06
ANON-0000-0000-0590,公开数据未提供,card,1,2024-09-06
ANON-0000-0000-0591,公开数据未提供,card,1,2024-09-06
ANON-0000-0000-0592,公开数据未提供,card,1,2024-09-07
ANON-0000-0000-0593,公开数据未提供,card,1,2024-09-07
ANON-0000-0000-0594,公开数据未提供,card,1,2024-09-07
ANON-0000-0000-0595,公开数据未提供,card,1,2024-09-07
ANON-0000-0000-0596,公开数据未提供,card,1,2024-09-07
ANON-0000-0000-0597,公开数据未提供,card,1,2024-09-07
ANON-0000-0000-0598,公开数据未提供,card,1,2024-09-07
ANON-0000-0000-0599,公开数据未提供,card,1,2024-09-09
ANON-0000-0000-0600,公开数据未提供,card,1,2024-09-09
ANON-0000-0000-0601,公开数据未提供,card,1,2024-09-09
ANON-0000-0000-0602,公开数据未提供,card,1,2024-09-09
ANON-0000-0000-0603,公开数据未提供,card,1,2024-09-09
ANON-0000-0000-0604,公开数据未提供,card,1,2024-09-09
ANON-0000-0000-0605,公开数据未提供,card,1,2024-09-09
ANON-0000-0000-0606,公开数据未提供,card,1,2024-09-09
ANON-0000-0000-0607,公开数据未提供,card,1,2024-09-10
ANON-0000-0000-0608,公开数据未提供,card,1,2024-09-10
ANON-0000-0000-0609,公开数据未提供,card,1,2024-09-10
ANON-0000-0000-0610,公开数据未提供,card,1,2024-09-10
ANON-0000-0000-0611,公开数据未提供,card,1,2024-09-10
ANON-0000-0000-0612,公开数据未提供,card,3,2024-09-11
ANON-0000-0000-0613,公开数据未提供,card,1,2024-09-11
ANON-0000-0000-0614,公开数据未提供,card,1,2024-09-11
ANON-0000-0000-0615,公开数据未提供,card,1,2024-09-12
ANON-0000-0000-0616,公开数据未提供,card,1,2024-09-12
ANON-0000-0000-0617,公开数据未提供,card,1,2024-09-12
ANON-0000-0000-0618,公开数据未提供,card,1,2024-09-12
ANON-0000-0000-0619,公开数据未提供,card,1,2024-09-13
ANON-0000-0000-0620,公开数据未提供,card,3,2024-09-15
ANON-0000-0000-0621,公开数据未提供,card,1,2024-09-16
ANON-0000-0000-0622,公开数据未提供,card,1,2024-09-16
ANON-0000-0000-0623,公开数据未提供,card,1,2024-09-16
ANON-0000-0000-0624,公开数据未提供,card,1,2024-09-16
ANON-0000-0000-0625,公开数据未提供,card,1,2024-09-16
ANON-0000-0000-0626,公开数据未提供,card,1,2024-09-16
ANON-0000-0000-0627,公开数据未提供,card,1,2024-09-17
ANON-0000-0000-0628,公开数据未提供,card,1,2024-09-17
ANON-0000-0000-0629,公开数据未提供,card,1,2024-09-17
ANON-0000-0000-0630,公开数据未提供,card,1,2024-09-17
ANON-0000-0000-0631,公开数据未提供,card,1,2024-09-17
ANON-0000-0000-0632,公开数据未提供,card,1,2024-09-17
ANON-0000-0000-0633,公开数据未提供,card,1,2024-09-17
ANON-0000-0000-0634,公开数据未提供,card,4,2024-09-17
ANON-0000-0000-0635,公开数据未提供,card,1,2024-09-17
ANON-0000-0000-0636,公开数据未提供,card,3,2024-09-17
ANON-0000-0000-0637,公开数据未提供,card,2,2024-09-17
ANON-0000-0000-0638,公开数据未提供,card,1,2024-09-18
ANON-0000-0000-0639,公开数据未提供,card,1,2024-09-18
ANON-0000-0000-0640,公开数据未提供,card,1,2024-09-19
ANON-0000-0000-0641,公开数据未提供,card,1,2024-09-20
ANON-0000-0000-0642,公开数据未提供,card,1,2024-09-20
ANON-0000-0000-0643,公开数据未提供,card,1,2024-09-20
ANON-0000-0000-0644,公开数据未提供,card,1,2024-09-21
ANON-0000-0000-0645,公开数据未提供,card,1,2024-09-21
ANON-0000-0000-0646,公开数据未提供,card,1,2024-09-21
ANON-0000-0000-0647,公开数据未提供,card,1,2024-09-21
ANON-0000-0000-0648,公开数据未提供,card,1,2024-09-22
ANON-0000-0000-0649,公开数据未提供,card,1,2024-09-22
ANON-0000-0000-0650,公开数据未提供,card,1,2024-09-22
ANON-0000-0000-0651,公开数据未提供,card,1,2024-09-22
ANON-0000-0000-0652,公开数据未提供,card,1,2024-09-22
ANON-0000-0000-0653,公开数据未提供,card,1,2024-09-22
ANON-0000-0000-0654,公开数据未提供,card,1,2024-09-22
ANON-0000-0000-0655,公开数据未提供,card,1,2024-09-22
ANON-0000-0000-0656,公开数据未提供,card,1,2024-09-22
ANON-0000-0000-0657,公开数据未提供,card,1,2024-09-22
ANON-0000-0000-0658,公开数据未提供,card,1,2024-09-23
ANON-0000-0000-0659,公开数据未提供,card,1,2024-09-23
ANON-0000-0000-0660,公开数据未提供,card,1,2024-09-24
ANON-0000-0000-0661,公开数据未提供,card,1,2024-09-24
ANON-0000-0000-0662,公开数据未提供,card,1,2024-09-24
ANON-0000-0000-0663,公开数据未提供,card,1,2024-09-24
ANON-0000-0000-0664,公开数据未提供,card,2,2024-09-25
ANON-0000-0000-0665,公开数据未提供,card,1,2024-09-25
ANON-0000-0000-0666,公开数据未提供,card,1,2024-09-25
ANON-0000-0000-0667,公开数据未提供,card,1,2024-09-25
ANON-0000-0000-0668,公开数据未提供,card,1,2024-09-25
ANON-0000-0000-0669,公开数据未提供,card,1,2024-09-26
ANON-0000-0000-0670,公开数据未提供,card,1,2024-09-26
ANON-0000-0000-0671,公开数据未提供,card,1,2024-09-26
ANON-0000-0000-0672,公开数据未提供,card,1,2024-09-26
ANON-0000-0000-0673,公开数据未提供,card,1,2024-09-26
ANON-0000-0000-0674,公开数据未提供,card,1,2024-09-27
ANON-0000-0000-0675,公开数据未提供,card,1,2024-09-27
ANON-0000-0000-0676,公开数据未提供,card,1,2024-09-27
ANON-0000-0000-0677,公开数据未提供,card,1,2024-09-27
ANON-0000-0000-0678,公开数据未提供,card,1,2024-09-27
ANON-0000-0000-0679,公开数据未提供,card,1,2024-09-27
ANON-0000-0000-0680,公开数据未提供,card,1,2024-09-27
ANON-0000-0000-0681,公开数据未提供,card,1,2024-09-27
ANON-0000-0000-0682,公开数据未提供,card,3,2024-09-28
ANON-0000-0000-0683,公开数据未提供,card,1,2024-09-28
ANON-0000-0000-0684,公开数据未提供,card,1,2024-09-28
ANON-0000-0000-0685,公开数据未提供,card,2,2024-09-28
ANON-0000-0000-0686,公开数据未提供,card,1,2024-09-28
ANON-0000-0000-0687,公开数据未提供,card,1,2024-09-28
ANON-0000-0000-0688,公开数据未提供,card,1,2024-09-29
ANON-0000-0000-0689,公开数据未提供,card,1,2024-09-29
ANON-0000-0000-0690,公开数据未提供,card,3,2024-09-29
ANON-0000-0000-0691,公开数据未提供,card,1,2024-09-30
ANON-0000-0000-0692,公开数据未提供,card,1,2024-09-30
ANON-0000-0000-0693,公开数据未提供,card,1,2024-09-30
ANON-0000-0000-0694,公开数据未提供,card,1,2024-09-30
ANON-0000-0000-0695,公开数据未提供,card,1,2024-09-30
ANON-0000-0000-0696,公开数据未提供,card,2,2024-10-01
ANON-0000-0000-0697,公开数据未提供,card,1,2024-10-01
ANON-0000-0000-0698,公开数据未提供,card,1,2024-10-01
ANON-0000-0000-0699,公开数据未提供,card,1,2024-10-01
ANON-0000-0000-0700,公开数据未提供,card,1,2024-10-01
ANON-0000-0000-0701,公开数据未提供,card,2,2024-10-01
ANON-0000-0000-0702,公开数据未提供,card,1,2024-10-01
ANON-0000-0000-0703,公开数据未提供,card,1,2024-10-02
ANON-0000-0000-0704,公开数据未提供,card,1,2024-10-02
ANON-0000-0000-0705,公开数据未提供,card,1,2024-10-02
ANON-0000-0000-0706,公开数据未提供,card,1,2024-10-02
ANON-0000-0000-0707,公开数据未提供,card,1,2024-10-02
ANON-0000-0000-0708,公开数据未提供,card,1,2024-10-03
ANON-0000-0000-0709,公开数据未提供,card,1,2024-10-03
ANON-0000-0000-0710,公开数据未提供,card,1,2024-10-03
ANON-0000-0000-0711,公开数据未提供,card,1,2024-10-03
ANON-0000-0000-0712,公开数据未提供,card,1,2024-10-03
ANON-0000-0000-0713,公开数据未提供,card,1,2024-10-04
ANON-0000-0000-0714,公开数据未提供,card,2,2024-10-04
ANON-0000-0000-0715,公开数据未提供,card,1,2024-10-05
ANON-0000-0000-0716,公开数据未提供,card,1,2024-10-06
ANON-0000-0000-0717,公开数据未提供,card,1,2024-10-06
ANON-0000-0000-0718,公开数据未提供,card,1,2024-10-06
ANON-0000-0000-0719,公开数据未提供,card,1,2024-10-06
ANON-0000-0000-0720,公开数据未提供,card,1,2024-10-06
ANON-0000-0000-0721,公开数据未提供,card,1,2024-10-06
ANON-0000-0000-0722,公开数据未提供,card,1,2024-10-06
ANON-0000-0000-0723,公开数据未提供,card,1,2024-10-06
ANON-0000-0000-0724,公开数据未提供,card,1,2024-10-07
ANON-0000-0000-0725,公开数据未提供,card,1,2024-10-07
ANON-0000-0000-0726,公开数据未提供,card,1,2024-10-07
ANON-0000-0000-0727,公开数据未提供,card,2,2024-10-07
ANON-0000-0000-0728,公开数据未提供,card,1,2024-10-07
ANON-0000-0000-0729,公开数据未提供,card,2,2024-10-08
ANON-0000-0000-0730,公开数据未提供,card,1,2024-10-08
ANON-0000-0000-0731,公开数据未提供,card,3,2024-10-08
ANON-0000-0000-0732,公开数据未提供,card,1,2024-10-08
ANON-0000-0000-0733,公开数据未提供,card,1,2024-10-09
ANON-0000-0000-0734,公开数据未提供,card,1,2024-10-09
ANON-0000-0000-0735,公开数据未提供,card,1,2024-10-09
ANON-0000-0000-0736,公开数据未提供,card,1,2024-10-09
ANON-0000-0000-0737,公开数据未提供,card,1,2024-10-09
ANON-0000-0000-0738,公开数据未提供,card,1,2024-10-10
ANON-0000-0000-0739,公开数据未提供,card,1,2024-10-10
ANON-0000-0000-0740,公开数据未提供,card,1,2024-10-10
ANON-0000-0000-0741,公开数据未提供,card,1,2024-10-10
ANON-0000-0000-0742,公开数据未提供,card,1,2024-10-10
ANON-0000-0000-0743,公开数据未提供,card,1,2024-10-11
ANON-0000-0000-0744,公开数据未提供,card,1,2024-10-11
ANON-0000-0000-0745,公开数据未提供,card,1,2024-10-11
ANON-0000-0000-0746,公开数据未提供,card,1,2024-10-11
ANON-0000-0000-0747,公开数据未提供,card,1,2024-10-11
ANON-0000-0000-0748,公开数据未提供,card,2,2024-10-11
ANON-0000-0000-0749,公开数据未提供,card,1,2024-10-11
ANON-0000-0000-0750,公开数据未提供,card,1,2024-10-12
ANON-0000-0000-0751,公开数据未提供,card,1,2024-10-12
ANON-0000-0000-0752,公开数据未提供,card,1,2024-10-13
ANON-0000-0000-0753,公开数据未提供,card,1,2024-10-13
ANON-0000-0000-0754,公开数据未提供,card,1,2024-10-14
ANON-0000-0000-0755,公开数据未提供,card,1,2024-10-14
ANON-0000-0000-0756,公开数据未提供,card,1,2024-10-14
ANON-0000-0000-0757,公开数据未提供,card,1,2024-10-14
ANON-0000-0000-0758,公开数据未提供,card,1,2024-10-14
ANON-0000-0000-0759,公开数据未提供,card,1,2024-10-14
ANON-0000-0000-0760,公开数据未提供,card,1,2024-10-14
ANON-0000-0000-0761,公开数据未提供,card,1,2024-10-15
ANON-0000-0000-0762,公开数据未提供,card,1,2024-10-15
ANON-0000-0000-0763,公开数据未提供,card,1,2024-10-15
ANON-0000-0000-0764,公开数据未提供,card,1,2024-10-15
ANON-0000-0000-0765,公开数据未提供,card,1,2024-10-15
ANON-0000-0000-0766,公开数据未提供,card,1,2024-10-15
ANON-0000-0000-0767,公开数据未提供,card,1,2024-10-15
ANON-0000-0000-0768,公开数据未提供,card,1,2024-10-16
ANON-0000-0000-0769,公开数据未提供,card,1,2024-10-16
ANON-0000-0000-0770,公开数据未提供,card,1,2024-10-16
ANON-0000-0000-0771,公开数据未提供,card,1,2024-10-16
ANON-0000-0000-0772,公开数据未提供,card,1,2024-10-16
ANON-0000-0000-0773,公开数据未提供,card,1,2024-10-17
ANON-0000-0000-0774,公开数据未提供,card,1,2024-10-17
ANON-0000-0000-0775,公开数据未提供,card,1,2024-10-17
ANON-0000-0000-0776,公开数据未提供,card,1,2024-10-17
ANON-0000-0000-0777,公开数据未提供,card,1,2024-10-17
ANON-0000-0000-0778,公开数据未提供,card,1,2024-10-17
ANON-0000-0000-0779,公开数据未提供,card,1,2024-10-17
ANON-0000-0000-0780,公开数据未提供,card,1,2024-10-18
ANON-0000-0000-0781,公开数据未提供,card,1,2024-10-18
ANON-0000-0000-0782,公开数据未提供,card,1,2024-10-18
ANON-0000-0000-0783,公开数据未提供,card,1,2024-10-18
ANON-0000-0000-0784,公开数据未提供,card,1,2024-10-18
ANON-0000-0000-0785,公开数据未提供,card,1,2024-10-19
ANON-0000-0000-0786,公开数据未提供,card,1,2024-10-19
ANON-0000-0000-0787,公开数据未提供,card,1,2024-10-20
ANON-0000-0000-0788,公开数据未提供,card,1,2024-10-20
ANON-0000-0000-0789,公开数据未提供,card,1,2024-10-20
ANON-0000-0000-0790,公开数据未提供,card,1,2024-10-20
ANON-0000-0000-0791,公开数据未提供,card,1,2024-10-20
ANON-0000-0000-0792,公开数据未提供,card,1,2024-10-20
ANON-0000-0000-0793,公开数据未提供,card,1,2024-10-21
ANON-0000-0000-0794,公开数据未提供,card,1,2024-10-21
ANON-0000-0000-0795,公开数据未提供,card,1,2024-10-21
ANON-0000-0000-0796,公开数据未提供,card,1,2024-10-21
ANON-0000-0000-0797,公开数据未提供,card,1,2024-10-21
ANON-0000-0000-0798,公开数据未提供,card,1,2024-10-21
ANON-0000-0000-0799,公开数据未提供,card,1,2024-10-21
ANON-0000-0000-0800,公开数据未提供,card,1,2024-10-22
ANON-0000-0000-0801,公开数据未提供,card,1,2024-10-22
ANON-0000-0000-0802,公开数据未提供,card,1,2024-10-23
ANON-0000-0000-0803,公开数据未提供,card,1,2024-10-23
ANON-0000-0000-0804,公开数据未提供,card,1,2024-10-23
ANON-0000-0000-0805,公开数据未提供,card,1,2024-10-23
ANON-0000-0000-0806,公开数据未提供,card,1,2024-10-23
ANON-0000-0000-0807,公开数据未提供,card,1,2024-10-23
ANON-0000-0000-0808,公开数据未提供,card,1,2024-10-24
ANON-0000-0000-0809,公开数据未提供,card,1,2024-10-24
ANON-0000-0000-0810,公开数据未提供,card,1,2024-10-24
ANON-0000-0000-0811,公开数据未提供,card,1,2024-10-24
ANON-0000-0000-0812,公开数据未提供,card,1,2024-10-24
ANON-0000-0000-0813,公开数据未提供,card,1,2024-10-24
ANON-0000-0000-0814,公开数据未提供,card,1,2024-10-25
ANON-0000-0000-0815,公开数据未提供,card,1,2024-10-25
ANON-0000-0000-0816,公开数据未提供,card,1,2024-10-26
ANON-0000-0000-0817,公开数据未提供,card,1,2024-10-26
ANON-0000-0000-0818,公开数据未提供,card,1,2024-10-26
ANON-0000-0000-0819,公开数据未提供,card,1,2024-10-26
ANON-0000-0000-0820,公开数据未提供,card,1,2024-10-26
ANON-0000-0000-0821,公开数据未提供,card,1,2024-10-26
ANON-0000-0000-0822,公开数据未提供,card,1,2024-10-27
ANON-0000-0000-0823,公开数据未提供,card,1,2024-10-28
ANON-0000-0000-0824,公开数据未提供,card,1,2024-10-28
ANON-0000-0000-0825,公开数据未提供,card,1,2024-10-28
ANON-0000-0000-0826,公开数据未提供,card,1,2024-10-28
ANON-0000-0000-0827,公开数据未提供,card,1,2024-10-28
ANON-0000-0000-0828,公开数据未提供,card,1,2024-10-28
ANON-0000-0000-0829,公开数据未提供,card,1,2024-10-29
ANON-0000-0000-0830,公开数据未提供,card,1,2024-10-29
ANON-0000-0000-0831,公开数据未提供,card,1,2024-10-29
ANON-0000-0000-0832,公开数据未提供,card,1,2024-10-29
ANON-0000-0000-0833,公开数据未提供,card,1,2024-10-29
ANON-0000-0000-0834,公开数据未提供,card,1,2024-10-29
ANON-0000-0000-0835,公开数据未提供,card,1,2024-10-29
ANON-0000-0000-0836,公开数据未提供,card,1,2024-10-29
ANON-0000-0000-0837,公开数据未提供,card,1,2024-10-30
ANON-0000-0000-0838,公开数据未提供,card,1,2024-10-30
ANON-0000-0000-0839,公开数据未提供,card,1,2024-10-30
ANON-0000-0000-0840,公开数据未提供,card,1,2024-10-30
ANON-0000-0000-0841,公开数据未提供,card,1,2024-10-30
ANON-0000-0000-0842,公开数据未提供,card,2,2024-10-30
ANON-0000-0000-0843,公开数据未提供,card,1,2024-10-31
ANON-0000-0000-0844,公开数据未提供,card,1,2024-10-31
ANON-0000-0000-0845,公开数据未提供,card,1,2024-11-01
ANON-0000-0000-0846,公开数据未提供,card,1,2024-11-02
ANON-0000-0000-0847,公开数据未提供,card,1,2024-11-02
ANON-0000-0000-0848,公开数据未提供,card,1,2024-11-02
ANON-0000-0000-0849,公开数据未提供,card,1,2024-11-03
ANON-0000-0000-0850,公开数据未提供,card,1,2024-11-03
ANON-0000-0000-0851,公开数据未提供,card,1,2024-11-03
ANON-0000-0000-0852,公开数据未提供,card,1,2024-11-03
ANON-0000-0000-0853,公开数据未提供,card,1,2024-11-04
ANON-0000-0000-0854,公开数据未提供,card,1,2024-11-04
ANON-0000-0000-0855,公开数据未提供,card,1,2024-11-05
ANON-0000-0000-0856,公开数据未提供,card,1,2024-11-05
ANON-0000-0000-0857,公开数据未提供,card,1,2024-11-05
ANON-0000-0000-0858,公开数据未提供,card,1,2024-11-05
ANON-0000-0000-0859,公开数据未提供,card,1,2024-11-05
ANON-0000-0000-0860,公开数据未提供,card,1,2024-11-06
ANON-0000-0000-0861,公开数据未提供,card,1,2024-11-06
ANON-0000-0000-0862,公开数据未提供,card,2,2024-11-06
ANON-0000-0000-0863,公开数据未提供,card,1,2024-11-06
ANON-0000-0000-0864,公开数据未提供,card,1,2024-11-07
ANON-0000-0000-0865,公开数据未提供,card,1,2024-11-07
ANON-0000-0000-0866,公开数据未提供,card,1,2024-11-07
ANON-0000-0000-0867,公开数据未提供,card,1,2024-11-07
ANON-0000-0000-0868,公开数据未提供,card,1,2024-11-08
ANON-0000-0000-0869,公开数据未提供,card,1,2024-11-08
ANON-0000-0000-0870,公开数据未提供,card,1,2024-11-08
ANON-0000-0000-0871,公开数据未提供,card,1,2024-11-08
ANON-0000-0000-0872,公开数据未提供,card,1,2024-11-08
ANON-0000-0000-0873,公开数据未提供,card,1,2024-11-09
ANON-0000-0000-0874,公开数据未提供,card,1,2024-11-09
ANON-0000-0000-0875,公开数据未提供,card,1,2024-11-09
ANON-0000-0000-0876,公开数据未提供,card,1,2024-11-09
ANON-0000-0000-0877,公开数据未提供,card,2,2024-11-09
ANON-0000-0000-0878,公开数据未提供,card,3,2024-11-09
ANON-0000-0000-0879,公开数据未提供,card,1,2024-11-09
ANON-0000-0000-0880,公开数据未提供,card,1,2024-11-10
ANON-0000-0000-0881,公开数据未提供,card,1,2024-11-10
ANON-0000-0000-0882,公开数据未提供,card,1,2024-11-10
ANON-0000-0000-0883,公开数据未提供,card,1,2024-11-10
ANON-0000-0000-0884,公开数据未提供,card,1,2024-11-10
ANON-0000-0000-0885,公开数据未提供,card,1,2024-11-11
ANON-0000-0000-0886,公开数据未提供,card,2,2024-11-11
ANON-0000-0000-0887,公开数据未提供,card,1,2024-11-11
ANON-0000-0000-0888,公开数据未提供,card,1,2024-11-11
ANON-0000-0000-0889,公开数据未提供,card,1,2024-11-12
ANON-0000-0000-0890,公开数据未提供,card,1,2024-11-12
ANON-0000-0000-0891,公开数据未提供,card,1,2024-11-12
ANON-0000-0000-0892,公开数据未提供,card,1,2024-11-12
ANON-0000-0000-0893,公开数据未提供,card,1,2024-11-12
ANON-0000-0000-0894,公开数据未提供,card,1,2024-11-13
ANON-0000-0000-0895,公开数据未提供,card,1,2024-11-13
ANON-0000-0000-0896,公开数据未提供,card,1,2024-11-13
ANON-0000-0000-0897,公开数据未提供,card,1,2024-11-14
ANON-0000-0000-0898,公开数据未提供,card,1,2024-11-14
ANON-0000-0000-0899,公开数据未提供,card,1,2024-11-14
ANON-0000-0000-0900,公开数据未提供,card,1,2024-11-14
ANON-0000-0000-0901,公开数据未提供,card,1,2024-11-14
ANON-0000-0000-0902,公开数据未提供,card,1,2024-11-15
ANON-0000-0000-0903,公开数据未提供,card,1,2024-11-15
ANON-0000-0000-0904,公开数据未提供,card,1,2024-11-15
ANON-0000-0000-0905,公开数据未提供,card,1,2024-11-15
ANON-0000-0000-0906,公开数据未提供,card,2,2024-11-15
ANON-0000-0000-0907,公开数据未提供,card,1,2024-11-15
ANON-0000-0000-0908,公开数据未提供,card,1,2024-11-16
ANON-0000-0000-0909,公开数据未提供,card,1,2024-11-16
ANON-0000-0000-0910,公开数据未提供,card,1,2024-11-16
ANON-0000-0000-0911,公开数据未提供,card,1,2024-11-16
ANON-0000-0000-0912,公开数据未提供,card,1,2024-11-16
ANON-0000-0000-0913,公开数据未提供,card,1,2024-11-16
ANON-0000-0000-0914,公开数据未提供,card,1,2024-11-16
ANON-0000-0000-0915,公开数据未提供,card,1,2024-11-16
ANON-0000-0000-0916,公开数据未提供,card,1,2024-11-17
ANON-0000-0000-0917,公开数据未提供,card,1,2024-11-17
ANON-0000-0000-0918,公开数据未提供,card,1,2024-11-17
ANON-0000-0000-0919,公开数据未提供,card,1,2024-11-17
ANON-0000-0000-0920,公开数据未提供,card,1,2024-11-17
ANON-0000-0000-0921,公开数据未提供,card,1,2024-11-17
ANON-0000-0000-0922,公开数据未提供,card,1,2024-11-17
ANON-0000-0000-0923,公开数据未提供,card,1,2024-11-18
ANON-0000-0000-0924,公开数据未提供,card,1,2024-11-18
ANON-0000-0000-0925,公开数据未提供,card,1,2024-11-18
ANON-0000-0000-0926,公开数据未提供,card,1,2024-11-19
ANON-0000-0000-0927,公开数据未提供,card,1,2024-11-19
ANON-0000-0000-0928,公开数据未提供,card,1,2024-11-19
ANON-0000-0000-0929,公开数据未提供,card,1,2024-11-19
ANON-0000-0000-0930,公开数据未提供,card,1,2024-11-20
ANON-0000-0000-0931,公开数据未提供,card,1,2024-11-20
ANON-0000-0000-0932,公开数据未提供,card,1,2024-11-21
ANON-0000-0000-0933,公开数据未提供,card,1,2024-11-21
ANON-0000-0000-0934,公开数据未提供,card,1,2024-11-21
ANON-0000-0000-0935,公开数据未提供,card,1,2024-11-21
ANON-0000-0000-0936,公开数据未提供,card,1,2024-11-22
ANON-0000-0000-0937,公开数据未提供,card,1,2024-11-22
ANON-0000-0000-0938,公开数据未提供,card,1,2024-11-22
ANON-0000-0000-0939,公开数据未提供,card,1,2024-11-23
ANON-0000-0000-0940,公开数据未提供,card,1,2024-11-23
ANON-0000-0000-0941,公开数据未提供,card,1,2024-11-25
ANON-0000-0000-0942,公开数据未提供,card,1,2024-11-25
ANON-0000-0000-0943,公开数据未提供,card,1,2024-11-25
ANON-0000-0000-0944,公开数据未提供,card,1,2024-11-25
ANON-0000-0000-0945,公开数据未提供,card,1,2024-11-25
ANON-0000-0000-0946,公开数据未提供,card,1,2024-11-26
ANON-0000-0000-0947,公开数据未提供,card,1,2024-11-26
ANON-0000-0000-0948,公开数据未提供,card,1,2024-11-26
ANON-0000-0000-0949,公开数据未提供,card,1,2024-11-26
ANON-0000-0000-0950,公开数据未提供,card,1,2024-11-26
ANON-0000-0000-0951,公开数据未提供,card,1,2024-11-26
ANON-0000-0000-0952,公开数据未提供,card,1,2024-11-28
ANON-0000-0000-0953,公开数据未提供,card,1,2024-11-29
ANON-0000-0000-0954,公开数据未提供,card,1,2024-11-29
ANON-0000-0000-0955,公开数据未提供,card,1,2024-11-29
ANON-0000-0000-0956,公开数据未提供,card,1,2024-11-30
ANON-0000-0000-0957,公开数据未提供,card,1,2024-11-30
ANON-0000-0000-0958,公开数据未提供,card,1,2024-12-01
ANON-0000-0000-0959,公开数据未提供,card,1,2024-12-01
ANON-0000-0000-0960,公开数据未提供,card,1,2024-12-01
ANON-0000-0000-0961,公开数据未提供,card,1,2024-12-01
ANON-0000-0000-0962,公开数据未提供,card,1,2024-12-01
ANON-0000-0000-0963,公开数据未提供,card,1,2024-12-01
ANON-0000-0000-0964,公开数据未提供,card,1,2024-12-01
ANON-0000-0000-0965,公开数据未提供,card,1,2024-12-01
ANON-0000-0000-0966,公开数据未提供,card,1,2024-12-01
ANON-0000-0000-0967,公开数据未提供,card,1,2024-12-02
ANON-0000-0000-0968,公开数据未提供,card,1,2024-12-02
ANON-0000-0000-0969,公开数据未提供,card,1,2024-12-02
ANON-0000-0000-0970,公开数据未提供,card,1,2024-12-02
ANON-0000-0000-0971,公开数据未提供,card,1,2024-12-02
ANON-0000-0000-0972,公开数据未提供,card,1,2024-12-02
ANON-0000-0000-0973,公开数据未提供,card,1,2024-12-03
ANON-0000-0000-0974,公开数据未提供,card,1,2024-12-03
ANON-0000-0000-0975,公开数据未提供,card,1,2024-12-03
ANON-0000-0000-0976,公开数据未提供,card,1,2024-12-03
ANON-0000-0000-0977,公开数据未提供,card,1,2024-12-04
ANON-0000-0000-0978,公开数据未提供,card,1,2024-12-04
ANON-0000-0000-0979,公开数据未提供,card,1,2024-12-04
ANON-0000-0000-0980,公开数据未提供,card,1,2024-12-04
ANON-0000-0000-0981,公开数据未提供,card,1,2024-12-04
ANON-0000-0000-0982,公开数据未提供,card,1,2024-12-04
ANON-0000-0000-0983,公开数据未提供,card,1,2024-12-05
ANON-0000-0000-0984,公开数据未提供,card,1,2024-12-05
ANON-0000-0000-0985,公开数据未提供,card,1,2024-12-05
ANON-0000-0000-0986,公开数据未提供,card,1,2024-12-07
ANON-0000-0000-0987,公开数据未提供,card,1,2024-12-07
ANON-0000-0000-0988,公开数据未提供,card,1,2024-12-07
ANON-0000-0000-0989,公开数据未提供,card,1,2024-12-07
ANON-0000-0000-0990,公开数据未提供,card,1,2024-12-08
ANON-0000-0000-0991,公开数据未提供,card,1,2024-12-08
ANON-0000-0000-0992,公开数据未提供,card,1,2024-12-08
ANON-0000-0000-0993,公开数据未提供,card,1,2024-12-08
ANON-0000-0000-0994,公开数据未提供,card,1,2024-12-09
ANON-0000-0000-0995,公开数据未提供,card,1,2024-12-09
ANON-0000-0000-0996,公开数据未提供,card,1,2024-12-09
ANON-0000-0000-0997,公开数据未提供,card,1,2024-12-11
ANON-0000-0000-0998,公开数据未提供,card,1,2024-12-11
ANON-0000-0000-0999,公开数据未提供,card,1,2024-12-11
ANON-0000-0000-1000,公开数据未提供,card,1,2024-12-11
ANON-0000-0000-1001,公开数据未提供,card,1,2024-12-12
ANON-0000-0000-1002,公开数据未提供,card,1,2024-12-12
ANON-0000-0000-1003,公开数据未提供,card,1,2024-12-12
ANON-0000-0000-1004,公开数据未提供,card,1,2024-12-13
ANON-0000-0000-1005,公开数据未提供,card,1,2024-12-13
ANON-0000-0000-1006,公开数据未提供,card,1,2024-12-14
ANON-0000-0000-1007,公开数据未提供,card,1,2024-12-14
ANON-0000-0000-1008,公开数据未提供,card,1,2024-12-14
ANON-0000-0000-1009,公开数据未提供,card,1,2024-12-14
ANON-0000-0000-1010,公开数据未提供,card,1,2024-12-16
ANON-0000-0000-1011,公开数据未提供,card,1,2024-12-16
ANON-0000-0000-1012,公开数据未提供,card,1,2024-12-17
ANON-0000-0000-1013,公开数据未提供,card,1,2024-12-17
ANON-0000-0000-1014,公开数据未提供,card,1,2024-12-17
ANON-0000-0000-1015,公开数据未提供,card,1,2024-12-18
ANON-0000-0000-1016,公开数据未提供,card,1,2024-12-18
ANON-0000-0000-1017,公开数据未提供,card,1,2024-12-19
ANON-0000-0000-1018,公开数据未提供,card,1,2024-12-19
ANON-0000-0000-1019,公开数据未提供,card,1,2024-12-19
ANON-0000-0000-1020,公开数据未提供,card,1,2024-12-19
ANON-0000-0000-1021,公开数据未提供,card,1,2024-12-19
ANON-0000-0000-1022,公开数据未提供,card,1,2024-12-20
ANON-0000-0000-1023,公开数据未提供,card,1,2024-12-20
ANON-0000-0000-1024,公开数据未提供,card,1,2024-12-20
ANON-0000-0000-1025,公开数据未提供,card,1,2024-12-21
ANON-0000-0000-1026,公开数据未提供,card,1,2024-12-21
ANON-0000-0000-1027,公开数据未提供,card,1,2024-12-21
ANON-0000-0000-1028,公开数据未提供,card,1,2024-12-21
ANON-0000-0000-1029,公开数据未提供,card,1,2024-12-21
ANON-0000-0000-1030,公开数据未提供,card,1,2024-12-21
ANON-0000-0000-1031,公开数据未提供,card,1,2024-12-21
ANON-0000-0000-1032,公开数据未提供,card,1,2024-12-22
ANON-0000-0000-1033,公开数据未提供,card,1,2024-12-22
ANON-0000-0000-1034,公开数据未提供,card,1,2024-12-22
ANON-0000-0000-1035,公开数据未提供,card,1,2024-12-23
ANON-0000-0000-1036,公开数据未提供,card,1,2024-12-23
ANON-0000-0000-1037,公开数据未提供,card,1,2024-12-23
ANON-0000-0000-1038,公开数据未提供,card,1,2024-12-24
ANON-0000-0000-1039,公开数据未提供,card,1,2024-12-24
ANON-0000-0000-1040,公开数据未提供,card,1,2024-12-24
ANON-0000-0000-1041,公开数据未提供,card,1,2024-12-25
ANON-0000-0000-1042,公开数据未提供,card,1,2024-12-25
ANON-0000-0000-1043,公开数据未提供,card,1,2024-12-25
ANON-0000-0000-1044,公开数据未提供,card,1,2024-12-25
ANON-0000-0000-1045,公开数据未提供,card,1,2024-12-25
ANON-0000-0000-1046,公开数据未提供,card,1,2024-12-25
ANON-0000-0000-1047,公开数据未提供,card,1,2024-12-26
ANON-0000-0000-1048,公开数据未提供,card,1,2024-12-26
ANON-0000-0000-1049,公开数据未提供,card,1,2024-12-27
ANON-0000-0000-1050,公开数据未提供,card,1,2024-12-27
ANON-0000-0000-1051,公开数据未提供,card,1,2024-12-27
ANON-0000-0000-1052,公开数据未提供,card,1,2024-12-28
ANON-0000-0000-1053,公开数据未提供,card,1,2024-12-28
ANON-0000-0000-1054,公开数据未提供,card,1,2024-12-28
ANON-0000-0000-1055,公开数据未提供,card,1,2024-12-29
ANON-0000-0000-1056,公开数据未提供,card,1,2024-12-29
ANON-0000-0000-1057,公开数据未提供,card,1,2024-12-29
ANON-0000-0000-1058,公开数据未提供,card,1,2024-12-29
ANON-0000-0000-1059,公开数据未提供,card,1,2024-12-30
ANON-0000-0000-1060,公开数据未提供,card,1,2024-12-30
ANON-0000-0000-1061,公开数据未提供,card,1,2024-12-31
ANON-0000-0000-1062,公开数据未提供,card,1,2024-12-31
ANON-0000-0000-1063,公开数据未提供,card,1,2024-12-31
ANON-0000-0000-1064,公开数据未提供,card,1,2024-12-31
ANON-0000-0000-1065,公开数据未提供,card,1,2024-12-31
ANON-0000-0000-1066,公开数据未提供,card,1,2024-12-31
ANON-0000-0000-1067,公开数据未提供,card,1,2025-01-02
ANON-0000-0000-1068,公开数据未提供,card,1,2025-01-02
ANON-0000-0000-1069,公开数据未提供,card,1,2025-01-02
ANON-0000-0000-1070,公开数据未提供,card,1,2025-01-03
ANON-0000-0000-1071,公开数据未提供,card,1,2025-01-03
ANON-0000-0000-1072,公开数据未提供,card,1,2025-01-03
ANON-0000-0000-1073,公开数据未提供,card,1,2025-01-04
ANON-0000-0000-1074,公开数据未提供,card,1,2025-01-04
ANON-0000-0000-1075,公开数据未提供,card,1,2025-01-04
ANON-0000-0000-1076,公开数据未提供,card,1,2025-01-05
ANON-0000-0000-1077,公开数据未提供,card,1,2025-01-05
ANON-0000-0000-1078,公开数据未提供,card,1,2025-01-05
ANON-0000-0000-1079,公开数据未提供,card,1,2025-01-06
ANON-0000-0000-1080,公开数据未提供,card,1,2025-01-07
ANON-0000-0000-1081,公开数据未提供,card,1,2025-01-07
ANON-0000-0000-1082,公开数据未提供,card,1,2025-01-08
ANON-0000-0000-1083,公开数据未提供,card,1,2025-01-08
ANON-0000-0000-1084,公开数据未提供,card,1,2025-01-09
ANON-0000-0000-1085,公开数据未提供,card,1,2025-01-09
ANON-0000-0000-1086,公开数据未提供,card,1,2025-01-10
ANON-0000-0000-1087,公开数据未提供,card,1,2025-01-11
ANON-0000-0000-1088,公开数据未提供,card,1,2025-01-11
ANON-0000-0000-1089,公开数据未提供,card,1,2025-01-11
ANON-0000-0000-1090,公开数据未提供,card,1,2025-01-11
ANON-0000-0000-1091,公开数据未提供,card,1,2025-01-11
ANON-0000-0000-1092,公开数据未提供,card,1,2025-01-11
ANON-0000-0000-1093,公开数据未提供,card,1,2025-01-11
ANON-0000-0000-1094,公开数据未提供,card,1,2025-01-11
ANON-0000-0000-1095,公开数据未提供,card,1,2025-01-11
ANON-0000-0000-1096,公开数据未提供,card,1,2025-01-12
ANON-0000-0000-1097,公开数据未提供,card,1,2025-01-12
ANON-0000-0000-1098,公开数据未提供,card,1,2025-01-13
ANON-0000-0000-1099,公开数据未提供,card,1,2025-01-13
ANON-0000-0000-1100,公开数据未提供,card,1,2025-01-14
ANON-0000-0000-1101,公开数据未提供,card,1,2025-01-14
ANON-0000-0000-1102,公开数据未提供,card,1,2025-01-15
ANON-0000-0000-1103,公开数据未提供,card,1,2025-01-15
ANON-0000-0000-1104,公开数据未提供,card,1,2025-01-15
ANON-0000-0000-1105,公开数据未提供,card,1,2025-01-15
ANON-0000-0000-1106,公开数据未提供,card,1,2025-01-16
ANON-0000-0000-1107,公开数据未提供,card,1,2025-01-16
ANON-0000-0000-1108,公开数据未提供,card,1,2025-01-17
ANON-0000-0000-1109,公开数据未提供,card,1,2025-01-17
ANON-0000-0000-1110,公开数据未提供,card,2,2025-01-17
ANON-0000-0000-1111,公开数据未提供,card,1,2025-01-20
ANON-0000-0000-1112,公开数据未提供,card,1,2025-01-20
ANON-0000-0000-1113,公开数据未提供,card,1,2025-01-20
ANON-0000-0000-1114,公开数据未提供,card,1,2025-01-20
ANON-0000-0000-1115,公开数据未提供,card,1,2025-01-20
ANON-0000-0000-1116,公开数据未提供,card,1,2025-01-21
ANON-0000-0000-1117,公开数据未提供,card,1,2025-01-21
ANON-0000-0000-1118,公开数据未提供,card,1,2025-01-22
ANON-0000-0000-1119,公开数据未提供,card,1,2025-01-22
ANON-0000-0000-1120,公开数据未提供,card,1,2025-01-22
ANON-0000-0000-1121,公开数据未提供,card,1,2025-01-22
ANON-0000-0000-1122,公开数据未提供,card,1,2025-01-24
ANON-0000-0000-1123,公开数据未提供,card,1,2025-01-24
ANON-0000-0000-1124,公开数据未提供,card,1,2025-01-24
ANON-0000-0000-1125,公开数据未提供,card,1,2025-01-25
ANON-0000-0000-1126,公开数据未提供,card,1,2025-01-25
ANON-0000-0000-1127,公开数据未提供,card,1,2025-01-26
ANON-0000-0000-1128,公开数据未提供,card,1,2025-01-27
ANON-0000-0000-1129,公开数据未提供,card,1,2025-01-27
ANON-0000-0000-1130,公开数据未提供,card,1,2025-01-27
ANON-0000-0000-1131,公开数据未提供,card,1,2025-01-27
ANON-0000-0000-1132,公开数据未提供,card,1,2025-01-28
ANON-0000-0000-1133,公开数据未提供,card,1,2025-01-28
ANON-0000-0000-1134,公开数据未提供,card,1,2025-01-28
ANON-0000-0000-1135,公开数据未提供,card,1,2025-01-28
ANON-0000-0000-1136,公开数据未提供,card,1,2025-01-28
ANON-0000-0000-1137,公开数据未提供,card,1,2025-01-28
ANON-0000-0000-1138,公开数据未提供,card,1,2025-01-29
ANON-0000-0000-1139,公开数据未提供,card,1,2025-01-29
ANON-0000-0000-1140,公开数据未提供,card,1,2025-01-30
ANON-0000-0000-1141,公开数据未提供,card,1,2025-01-30
ANON-0000-0000-1142,公开数据未提供,card,1,2025-01-30
ANON-0000-0000-1143,公开数据未提供,card,1,2025-01-30
ANON-0000-0000-1144,公开数据未提供,card,1,2025-01-30
ANON-0000-0000-1145,公开数据未提供,card,1,2025-01-31
ANON-0000-0000-1146,公开数据未提供,card,1,2025-01-31
ANON-0000-0000-1147,公开数据未提供,card,1,2025-01-31
ANON-0000-0000-1148,公开数据未提供,card,1,2025-01-31
ANON-0000-0000-1149,公开数据未提供,card,1,2025-02-01
ANON-0000-0000-1150,公开数据未提供,card,1,2025-02-02
ANON-0000-0000-1151,公开数据未提供,card,1,2025-02-02
ANON-0000-0000-1152,公开数据未提供,card,1,2025-02-02
ANON-0000-0000-1153,公开数据未提供,card,1,2025-02-03
ANON-0000-0000-1154,公开数据未提供,card,1,2025-02-03
ANON-0000-0000-1155,公开数据未提供,card,1,2025-02-03
ANON-0000-0000-1156,公开数据未提供,card,1,2025-02-03
ANON-0000-0000-1157,公开数据未提供,card,1,2025-02-03
ANON-0000-0000-1158,公开数据未提供,card,1,2025-02-03
ANON-0000-0000-1159,公开数据未提供,card,1,2025-02-03
ANON-0000-0000-1160,公开数据未提供,card,1,2025-02-03
ANON-0000-0000-1161,公开数据未提供,card,1,2025-02-03
ANON-0000-0000-1162,公开数据未提供,card,1,2025-02-03
ANON-0000-0000-1163,公开数据未提供,card,1,2025-02-03
ANON-0000-0000-1164,公开数据未提供,card,1,2025-02-03
ANON-0000-0000-1165,公开数据未提供,card,1,2025-02-03
ANON-0000-0000-1166,公开数据未提供,card,1,2025-02-03
ANON-0000-0000-1167,公开数据未提供,card,1,2025-02-03
ANON-0000-0000-1168,公开数据未提供,card,1,2025-02-03
ANON-0000-0000-1169,公开数据未提供,card,1,2025-02-04
ANON-0000-0000-1170,公开数据未提供,card,1,2025-02-04
ANON-0000-0000-1171,公开数据未提供,card,1,2025-02-04
ANON-0000-0000-1172,公开数据未提供,card,1,2025-02-04
ANON-0000-0000-1173,公开数据未提供,card,1,2025-02-04
ANON-0000-0000-1174,公开数据未提供,card,1,2025-02-04
ANON-0000-0000-1175,公开数据未提供,card,1,2025-02-05
ANON-0000-0000-1176,公开数据未提供,card,1,2025-02-05
ANON-0000-0000-1177,公开数据未提供,card,1,2025-02-05
ANON-0000-0000-1178,公开数据未提供,card,1,2025-02-05
ANON-0000-0000-1179,公开数据未提供,card,1,2025-02-05
ANON-0000-0000-1180,公开数据未提供,card,1,2025-02-05
ANON-0000-0000-1181,公开数据未提供,card,1,2025-02-05
ANON-0000-0000-1182,公开数据未提供,card,1,2025-02-05
ANON-0000-0000-1183,公开数据未提供,card,1,2025-02-06
ANON-0000-0000-1184,公开数据未提供,card,1,2025-02-06
ANON-0000-0000-1185,公开数据未提供,card,1,2025-02-06
ANON-0000-0000-1186,公开数据未提供,card,1,2025-02-06
ANON-0000-0000-1187,公开数据未提供,card,1,2025-02-07
ANON-0000-0000-1188,公开数据未提供,card,1,2025-02-07
ANON-0000-0000-1189,公开数据未提供,card,1,2025-02-07
ANON-0000-0000-1190,公开数据未提供,card,1,2025-02-07
ANON-0000-0000-1191,公开数据未提供,card,1,2025-02-07
ANON-0000-0000-1192,公开数据未提供,card,1,2025-02-07
ANON-0000-0000-1193,公开数据未提供,card,1,2025-02-07
ANON-0000-0000-1194,公开数据未提供,card,1,2025-02-08
ANON-0000-0000-1195,公开数据未提供,card,1,2025-02-08
ANON-0000-0000-1196,公开数据未提供,card,1,2025-02-09
ANON-0000-0000-1197,公开数据未提供,card,1,2025-02-10
ANON-0000-0000-1198,公开数据未提供,card,1,2025-02-10
ANON-0000-0000-1199,公开数据未提供,card,1,2025-02-10
ANON-0000-0000-1200,公开数据未提供,card,1,2025-02-10
ANON-0000-0000-1201,公开数据未提供,card,1,2025-02-10
ANON-0000-0000-1202,公开数据未提供,card,1,2025-02-11
ANON-0000-0000-1203,公开数据未提供,card,1,2025-02-11
ANON-0000-0000-1204,公开数据未提供,card,1,2025-02-11
ANON-0000-0000-1205,公开数据未提供,card,1,2025-02-12
ANON-0000-0000-1206,公开数据未提供,card,1,2025-02-12
ANON-0000-0000-1207,公开数据未提供,card,1,2025-02-13
ANON-0000-0000-1208,公开数据未提供,card,1,2025-02-13
ANON-0000-0000-1209,公开数据未提供,card,1,2025-02-13
ANON-0000-0000-1210,公开数据未提供,card,1,2025-02-14
ANON-0000-0000-1211,公开数据未提供,card,1,2025-02-14
ANON-0000-0000-1212,公开数据未提供,card,1,2025-02-14
ANON-0000-0000-1213,公开数据未提供,card,1,2025-02-14
ANON-0000-0000-1214,公开数据未提供,card,1,2025-02-14
ANON-0000-0000-1215,公开数据未提供,card,1,2025-02-15
ANON-0000-0000-1216,公开数据未提供,card,1,2025-02-16
ANON-0000-0000-1217,公开数据未提供,card,1,2025-02-16
ANON-0000-0000-1218,公开数据未提供,card,1,2025-02-17
ANON-0000-0000-1219,公开数据未提供,card,1,2025-02-17
ANON-0000-0000-1220,公开数据未提供,card,1,2025-02-17
ANON-0000-0000-1221,公开数据未提供,card,1,2025-02-17
ANON-0000-0000-1222,公开数据未提供,card,1,2025-02-17
ANON-0000-0000-1223,公开数据未提供,card,1,2025-02-17
ANON-0000-0000-1224,公开数据未提供,card,1,2025-02-18
ANON-0000-0000-1225,公开数据未提供,card,1,2025-02-18
ANON-0000-0000-1226,公开数据未提供,card,1,2025-02-18
ANON-0000-0000-1227,公开数据未提供,card,1,2025-02-19
ANON-0000-0000-1228,公开数据未提供,card,1,2025-02-19
ANON-0000-0000-1229,公开数据未提供,card,1,2025-02-19
ANON-0000-0000-1230,公开数据未提供,card,1,2025-02-20
ANON-0000-0000-1231,公开数据未提供,card,1,2025-02-20
ANON-0000-0000-1232,公开数据未提供,card,1,2025-02-20
ANON-0000-0000-1233,公开数据未提供,card,1,2025-02-20
ANON-0000-0000-1234,公开数据未提供,card,1,2025-02-20
ANON-0000-0000-1235,公开数据未提供,card,1,2025-02-21
ANON-0000-0000-1236,公开数据未提供,card,1,2025-02-21
ANON-0000-0000-1237,公开数据未提供,card,1,2025-02-21
ANON-0000-0000-1238,公开数据未提供,card,1,2025-02-21
ANON-0000-0000-1239,公开数据未提供,card,1,2025-02-21
ANON-0000-0000-1240,公开数据未提供,card,1,2025-02-22
ANON-0000-0000-1241,公开数据未提供,card,1,2025-02-22
ANON-0000-0000-1242,公开数据未提供,card,1,2025-02-23
ANON-0000-0000-1243,公开数据未提供,card,1,2025-02-23
ANON-0000-0000-1244,公开数据未提供,card,1,2025-02-24
ANON-0000-0000-1245,公开数据未提供,card,1,2025-02-24
ANON-0000-0000-1246,公开数据未提供,card,1,2025-02-24
ANON-0000-0000-1247,公开数据未提供,card,1,2025-02-24
ANON-0000-0000-1248,公开数据未提供,card,1,2025-02-26
ANON-0000-0000-1249,公开数据未提供,card,1,2025-02-26
ANON-0000-0000-1250,公开数据未提供,card,1,2025-02-26
ANON-0000-0000-1251,公开数据未提供,card,1,2025-02-27
ANON-0000-0000-1252,公开数据未提供,card,1,2025-02-27
ANON-0000-0000-1253,公开数据未提供,card,1,2025-02-27
ANON-0000-0000-1254,公开数据未提供,card,1,2025-02-27
ANON-0000-0000-1255,公开数据未提供,card,1,2025-02-28
ANON-0000-0000-1256,公开数据未提供,card,1,2025-02-28
ANON-0000-0000-1257,公开数据未提供,card,1,2025-02-28
ANON-0000-0000-1258,公开数据未提供,card,1,2025-03-01
ANON-0000-0000-1259,公开数据未提供,card,1,2025-03-03
ANON-0000-0000-1260,公开数据未提供,card,1,2025-03-04
ANON-0000-0000-1261,公开数据未提供,card,1,2025-03-05
ANON-0000-0000-1262,公开数据未提供,card,1,2025-03-05
ANON-0000-0000-1263,公开数据未提供,card,1,2025-03-05
ANON-0000-0000-1264,公开数据未提供,card,1,2025-03-05
ANON-0000-0000-1265,公开数据未提供,card,1,2025-03-06
ANON-0000-0000-1266,公开数据未提供,card,1,2025-03-07
ANON-0000-0000-1267,公开数据未提供,card,1,2025-03-08
ANON-0000-0000-1268,公开数据未提供,card,1,2025-03-09
ANON-0000-0000-1269,公开数据未提供,card,1,2025-03-09
ANON-0000-0000-1270,公开数据未提供,card,1,2025-03-09
ANON-0000-0000-1271,公开数据未提供,card,1,2025-03-10
ANON-0000-0000-1272,公开数据未提供,card,1,2025-03-10
ANON-0000-0000-1273,公开数据未提供,card,1,2025-03-10
ANON-0000-0000-1274,公开数据未提供,card,1,2025-03-10
ANON-0000-0000-1275,公开数据未提供,card,1,2025-03-11
ANON-0000-0000-1276,公开数据未提供,card,1,2025-03-11
ANON-0000-0000-1277,公开数据未提供,card,1,2025-03-12
ANON-0000-0000-1278,公开数据未提供,card,1,2025-03-12
ANON-0000-0000-1279,公开数据未提供,card,1,2025-03-12
ANON-0000-0000-1280,公开数据未提供,card,1,2025-03-12
ANON-0000-0000-1281,公开数据未提供,card,1,2025-03-12
ANON-0000-0000-1282,公开数据未提供,card,1,2025-03-12
ANON-0000-0000-1283,公开数据未提供,card,1,2025-03-13
ANON-0000-0000-1284,公开数据未提供,card,1,2025-03-13
ANON-0000-0000-1285,公开数据未提供,card,1,2025-03-13
ANON-0000-0000-1286,公开数据未提供,card,1,2025-03-14
ANON-0000-0000-1287,公开数据未提供,card,1,2025-03-14
ANON-0000-0000-1288,公开数据未提供,card,1,2025-03-14
ANON-0000-0000-1289,公开数据未提供,card,1,2025-03-14
ANON-0000-0000-1290,公开数据未提供,card,1,2025-03-14
ANON-0000-0000-1291,公开数据未提供,card,1,2025-03-14
ANON-0000-0000-1292,公开数据未提供,card,1,2025-03-15
ANON-0000-0000-1293,公开数据未提供,card,1,2025-03-16
ANON-0000-0000-1294,公开数据未提供,card,1,2025-03-16
ANON-0000-0000-1295,公开数据未提供,card,1,2025-03-17
ANON-0000-0000-1296,公开数据未提供,card,1,2025-03-18
ANON-0000-0000-1297,公开数据未提供,card,1,2025-03-18
ANON-0000-0000-1298,公开数据未提供,card,1,2025-03-18
ANON-0000-0000-1299,公开数据未提供,card,1,2025-03-19
ANON-0000-0000-1300,公开数据未提供,card,1,2025-03-19
ANON-0000-0000-1301,公开数据未提供,card,1,2025-03-19
ANON-0000-0000-1302,公开数据未提供,card,1,2025-03-19
ANON-0000-0000-1303,公开数据未提供,card,1,2025-03-19
ANON-0000-0000-1304,公开数据未提供,card,1,2025-03-20
ANON-0000-0000-1305,公开数据未提供,card,1,2025-03-20
ANON-0000-0000-1306,公开数据未提供,card,1,2025-03-20
ANON-0000-0000-1307,公开数据未提供,card,1,2025-03-20
ANON-0000-0000-1308,公开数据未提供,card,1,2025-03-20
ANON-0000-0000-1309,公开数据未提供,card,1,2025-03-20
ANON-0000-0000-1310,公开数据未提供,card,1,2025-03-20
ANON-0000-0000-1311,公开数据未提供,card,1,2025-03-21
ANON-0000-0000-1312,公开数据未提供,card,1,2025-03-21
ANON-0000-0000-1313,公开数据未提供,card,1,2025-03-22
ANON-0000-0000-1314,公开数据未提供,card,1,2025-03-22
ANON-0000-0000-1315,公开数据未提供,card,1,2025-03-23
ANON-0000-0000-1316,公开数据未提供,card,1,2025-03-23
CASH_00001,公开数据未提供,cash,1,2024-03-02
CASH_00002,公开数据未提供,cash,1,2024-03-03
CASH_00003,公开数据未提供,cash,1,2024-03-06
CASH_00004,公开数据未提供,cash,1,2024-03-07
CASH_00005,公开数据未提供,cash,1,2024-03-07
CASH_00006,公开数据未提供,cash,1,2024-03-09
CASH_00007,公开数据未提供,cash,1,2024-03-10
CASH_00008,公开数据未提供,cash,1,2024-03-10
CASH_00009,公开数据未提供,cash,1,2024-03-10
CASH_00010,公开数据未提供,cash,1,2024-03-10
CASH_00011,公开数据未提供,cash,1,2024-03-11
CASH_00012,公开数据未提供,cash,1,2024-03-11
CASH_00013,公开数据未提供,cash,1,2024-03-11
CASH_00014,公开数据未提供,cash,1,2024-03-11
CASH_00015,公开数据未提供,cash,1,2024-03-12
CASH_00016,公开数据未提供,cash,1,2024-03-13
CASH_00017,公开数据未提供,cash,1,2024-03-14
CASH_00018,公开数据未提供,cash,1,2024-03-15
CASH_00019,公开数据未提供,cash,1,2024-03-17
CASH_00020,公开数据未提供,cash,1,2024-03-19
CASH_00021,公开数据未提供,cash,1,2024-03-19
CASH_00022,公开数据未提供,cash,1,2024-03-20
CASH_00023,公开数据未提供,cash,1,2024-03-21
CASH_00024,公开数据未提供,cash,1,2024-03-21
CASH_00025,公开数据未提供,cash,1,2024-03-22
CASH_00026,公开数据未提供,cash,1,2024-03-24
CASH_00027,公开数据未提供,cash,1,2024-03-25
CASH_00028,公开数据未提供,cash,1,2024-03-27
CASH_00029,公开数据未提供,cash,1,2024-03-29
CASH_00030,公开数据未提供,cash,1,2024-03-30
CASH_00031,公开数据未提供,cash,1,2024-03-31
CASH_00032,公开数据未提供,cash,1,2024-04-01
CASH_00033,公开数据未提供,cash,1,2024-04-02
CASH_00034,公开数据未提供,cash,1,2024-04-03
CASH_00035,公开数据未提供,cash,1,2024-04-04
CASH_00036,公开数据未提供,cash,1,2024-04-05
CASH_00037,公开数据未提供,cash,1,2024-04-05
CASH_00038,公开数据未提供,cash,1,2024-04-05
CASH_00039,公开数据未提供,cash,1,2024-04-05
CASH_00040,公开数据未提供,cash,1,2024-04-08
CASH_00041,公开数据未提供,cash,1,2024-04-08
CASH_00042,公开数据未提供,cash,1,2024-04-09
CASH_00043,公开数据未提供,cash,1,2024-04-09
CASH_00044,公开数据未提供,cash,1,2024-04-10
CASH_00045,公开数据未提供,cash,1,2024-04-10
CASH_00046,公开数据未提供,cash,1,2024-04-13
CASH_00047,公开数据未提供,cash,1,2024-04-13
CASH_00048,公开数据未提供,cash,1,2024-04-14
CASH_00049,公开数据未提供,cash,1,2024-04-14
CASH_00050,公开数据未提供,cash,1,2024-04-14
CASH_00051,公开数据未提供,cash,1,2024-04-14
CASH_00052,公开数据未提供,cash,1,2024-04-15
CASH_00053,公开数据未提供,cash,1,2024-04-16
CASH_00054,公开数据未提供,cash,1,2024-04-17
CASH_00055,公开数据未提供,cash,1,2024-04-20
CASH_00056,公开数据未提供,cash,1,2024-04-20
CASH_00057,公开数据未提供,cash,1,2024-04-21
CASH_00058,公开数据未提供,cash,1,2024-04-22
CASH_00059,公开数据未提供,cash,1,2024-04-22
CASH_00060,公开数据未提供,cash,1,2024-05-02
CASH_00061,公开数据未提供,cash,1,2024-05-03
CASH_00062,公开数据未提供,cash,1,2024-05-06
CASH_00063,公开数据未提供,cash,1,2024-05-07
CASH_00064,公开数据未提供,cash,1,2024-05-10
CASH_00065,公开数据未提供,cash,1,2024-05-10
CASH_00066,公开数据未提供,cash,1,2024-05-11
CASH_00067,公开数据未提供,cash,1,2024-05-13
CASH_00068,公开数据未提供,cash,1,2024-05-13
CASH_00069,公开数据未提供,cash,1,2024-05-15
CASH_00070,公开数据未提供,cash,1,2024-05-16
CASH_00071,公开数据未提供,cash,1,2024-05-16
CASH_00072,公开数据未提供,cash,1,2024-05-17
CASH_00073,公开数据未提供,cash,1,2024-05-18
CASH_00074,公开数据未提供,cash,1,2024-05-19
CASH_00075,公开数据未提供,cash,1,2024-05-20
CASH_00076,公开数据未提供,cash,1,2024-05-21
CASH_00077,公开数据未提供,cash,1,2024-05-21
CASH_00078,公开数据未提供,cash,1,2024-05-21
CASH_00079,公开数据未提供,cash,1,2024-05-21
CASH_00080,公开数据未提供,cash,1,2024-05-23
CASH_00081,公开数据未提供,cash,1,2024-05-25
CASH_00082,公开数据未提供,cash,1,2024-05-25
CASH_00083,公开数据未提供,cash,1,2024-05-28
CASH_00084,公开数据未提供,cash,1,2024-05-29
CASH_00085,公开数据未提供,cash,1,2024-05-31
CASH_00086,公开数据未提供,cash,1,2024-06-01
CASH_00087,公开数据未提供,cash,1,2024-06-02
CASH_00088,公开数据未提供,cash,1,2024-06-03
CASH_00089,公开数据未提供,cash,1,2024-06-03
